Sno,Date,Province/State,Country,Last Update,Confirmed,Deaths,Recovered,Code
1,1/22/20,Anhui,China,1/22/20,1,0,0,CHN
2,1/22/20,Beijing,China,1/22/20,14,0,0,CHN
3,1/22/20,Chongqing,China,1/22/20,6,0,0,CHN
4,1/22/20,Fujian,China,1/22/20,1,0,0,CHN
5,1/22/20,Gansu,China,1/22/20,0,0,0,CHN
6,1/22/20,Guangdong,China,1/22/20,26,0,0,CHN
7,1/22/20,Guangxi,China,1/22/20,2,0,0,CHN
8,1/22/20,Guizhou,China,1/22/20,1,0,0,CHN
9,1/22/20,Hainan,China,1/22/20,4,0,0,CHN
10,1/22/20,Hebei,China,1/22/20,1,0,0,CHN
11,1/22/20,Heilongjiang,China,1/22/20,0,0,0,CHN
12,1/22/20,Henan,China,1/22/20,5,0,0,CHN
13,1/22/20,Hong Kong,China,1/22/20,0,0,0,CHN
14,1/22/20,Hubei,China,1/22/20,444,0,0,CHN
15,1/22/20,Hunan,China,1/22/20,4,0,0,CHN
16,1/22/20,Inner Mongolia,China,1/22/20,0,0,0,CHN
17,1/22/20,Jiangsu,China,1/22/20,1,0,0,CHN
18,1/22/20,Jiangxi,China,1/22/20,2,0,0,CHN
19,1/22/20,Jilin,China,1/22/20,0,0,0,CHN
20,1/22/20,Liaoning,China,1/22/20,2,0,0,CHN
21,1/22/20,Macau,China,1/22/20,1,0,0,CHN
22,1/22/20,Ningxia,China,1/22/20,1,0,0,CHN
23,1/22/20,Qinghai,China,1/22/20,0,0,0,CHN
24,1/22/20,Shaanxi,China,1/22/20,0,0,0,CHN
25,1/22/20,Shandong,China,1/22/20,2,0,0,CHN
26,1/22/20,Shanghai,China,1/22/20,9,0,0,CHN
27,1/22/20,Shanxi,China,1/22/20,1,0,0,CHN
28,1/22/20,Sichuan,China,1/22/20,5,0,0,CHN
29,1/22/20,Taiwan,China,1/22/20,1,0,0,CHN
30,1/22/20,Tianjin,China,1/22/20,4,0,0,CHN
31,1/22/20,Tibet,China,1/22/20,0,0,0,CHN
32,1/22/20,Washington,US,1/22/20,1,0,0,USA
33,1/22/20,Xinjiang,China,1/22/20,0,0,0,CHN
34,1/22/20,Yunnan,China,1/22/20,1,0,0,CHN
35,1/22/20,Zhejiang,China,1/22/20,10,0,0,CHN
36,1/22/20,,Japan,1/22/20,2,0,0,JPN
37,1/22/20,,Thailand,1/22/20,2,0,0,THA
38,1/22/20,,South Korea,1/22/20,1,0,0,KOR
39,1/23/20,Anhui,Mainland China,1/23/20,9,0,0,CHN
40,1/23/20,Beijing,Mainland China,1/23/20,22,0,0,CHN
41,1/23/20,Chongqing,Mainland China,1/23/20,9,0,0,CHN
42,1/23/20,Fujian,Mainland China,1/23/20,5,0,0,CHN
43,1/23/20,Gansu,Mainland China,1/23/20,2,0,0,CHN
44,1/23/20,Guangdong,Mainland China,1/23/20,32,0,2,CHN
45,1/23/20,Guangxi,Mainland China,1/23/20,5,0,0,CHN
46,1/23/20,Guizhou,Mainland China,1/23/20,3,0,0,CHN
47,1/23/20,Hainan,Mainland China,1/23/20,5,0,0,CHN
48,1/23/20,Hebei,Mainland China,1/23/20,1,1,0,CHN
49,1/23/20,Heilongjiang,Mainland China,1/23/20,2,0,0,CHN
50,1/23/20,Henan,Mainland China,1/23/20,5,0,0,CHN
51,1/23/20,Hong Kong,Hong Kong,1/23/20,2,0,0,HKG
52,1/23/20,Hubei,Mainland China,1/23/20,444,17,28,CHN
53,1/23/20,Hunan,Mainland China,1/23/20,9,0,0,CHN
54,1/23/20,Inner Mongolia,Mainland China,1/23/20,0,0,0,CHN
55,1/23/20,Jiangsu,Mainland China,1/23/20,5,0,0,CHN
56,1/23/20,Jiangxi,Mainland China,1/23/20,7,0,0,CHN
57,1/23/20,Jilin,Mainland China,1/23/20,1,0,0,CHN
58,1/23/20,Liaoning,Mainland China,1/23/20,3,0,0,CHN
59,1/23/20,Macau,Macau,1/23/20,2,0,0,MAC
60,1/23/20,Ningxia,Mainland China,1/23/20,1,0,0,CHN
61,1/23/20,Qinghai,Mainland China,1/23/20,0,0,0,CHN
62,1/23/20,Shaanxi,Mainland China,1/23/20,3,0,0,CHN
63,1/23/20,Shandong,Mainland China,1/23/20,6,0,0,CHN
64,1/23/20,Shanghai,Mainland China,1/23/20,16,0,0,CHN
65,1/23/20,Shanxi,Mainland China,1/23/20,1,0,0,CHN
66,1/23/20,Sichuan,Mainland China,1/23/20,8,0,0,CHN
67,1/23/20,Taiwan,Taiwan,1/23/20,1,0,0,TWN
68,1/23/20,Tianjin,Mainland China,1/23/20,4,0,0,CHN
69,1/23/20,Tibet,Mainland China,1/23/20,0,0,0,CHN
70,1/23/20,Washington,US,1/23/20,1,0,0,USA
71,1/23/20,Xinjiang,Mainland China,1/23/20,2,0,0,CHN
72,1/23/20,Yunnan,Mainland China,1/23/20,2,0,0,CHN
73,1/23/20,Zhejiang,Mainland China,1/23/20,27,0,0,CHN
74,1/23/20,,Japan,1/23/20,1,0,0,JPN
75,1/23/20,,Thailand,1/23/20,3,0,0,THA
76,1/23/20,,South Korea,1/23/20,1,0,0,KOR
77,1/23/20,,Singapore,1/23/20,1,0,0,SGP
78,1/23/20,,Philippines,1/23/20,0,0,0,PHL
79,1/23/20,,Malaysia,1/23/20,0,0,0,MYS
80,1/23/20,,Vietnam,1/23/20,2,0,0,VNM
81,1/23/20,,Australia,1/23/20,0,0,0,AUS
82,1/23/20,,Mexico,1/23/20,0,0,0,MEX
83,1/23/20,,Brazil,1/23/20,0,0,0,BRA
84,1/24/20,Hubei,Mainland China,1/24/20,549,24,31,CHN
85,1/24/20,Guangdong,Mainland China,1/24/20,53,0,2,CHN
86,1/24/20,Zhejiang,Mainland China,1/24/20,43,0,1,CHN
87,1/24/20,Beijing,Mainland China,1/24/20,36,0,1,CHN
88,1/24/20,Chongqing,Mainland China,1/24/20,27,0,0,CHN
89,1/24/20,Hunan,Mainland China,1/24/20,24,0,0,CHN
90,1/24/20,Guangxi,Mainland China,1/24/20,23,0,0,CHN
91,1/24/20,Shanghai,Mainland China,1/24/20,20,0,1,CHN
92,1/24/20,Jiangxi,Mainland China,1/24/20,18,0,0,CHN
93,1/24/20,Sichuan,Mainland China,1/24/20,15,0,0,CHN
94,1/24/20,Shandong,Mainland China,1/24/20,15,0,0,CHN
95,1/24/20,Anhui,Mainland China,1/24/20,15,0,0,CHN
96,1/24/20,Fujian,Mainland China,1/24/20,10,0,0,CHN
97,1/24/20,Henan,Mainland China,1/24/20,9,0,0,CHN
98,1/24/20,Jiangsu,Mainland China,1/24/20,9,0,0,CHN
99,1/24/20,Hainan,Mainland China,1/24/20,8,0,0,CHN
100,1/24/20,Tianjin,Mainland China,1/24/20,8,0,0,CHN
101,1/24/20,Yunnan,Mainland China,1/24/20,5,0,0,CHN
102,1/24/20,Shaanxi,Mainland China,1/24/20,5,0,0,CHN
103,1/24/20,Heilongjiang,Mainland China,1/24/20,4,1,0,CHN
104,1/24/20,Liaoning,Mainland China,1/24/20,4,0,0,CHN
105,1/24/20,Guizhou,Mainland China,1/24/20,3,0,0,CHN
106,1/24/20,Jilin,Mainland China,1/24/20,3,0,0,CHN
107,1/24/20,Taiwan,Taiwan,1/24/20,3,0,0,TWN
108,1/24/20,Ningxia,Mainland China,1/24/20,2,0,0,CHN
109,1/24/20,Hong Kong,Hong Kong,1/24/20,2,0,0,HKG
110,1/24/20,Macau,Macau,1/24/20,2,0,0,MAC
111,1/24/20,Hebei,Mainland China,1/24/20,2,1,0,CHN
112,1/24/20,Gansu,Mainland China,1/24/20,2,0,0,CHN
113,1/24/20,Xinjiang,Mainland China,1/24/20,2,0,0,CHN
114,1/24/20,Shanxi,Mainland China,1/24/20,1,0,0,CHN
115,1/24/20,Inner Mongolia,Mainland China,1/24/20,1,0,0,CHN
116,1/24/20,Qinghai,Mainland China,1/24/20,0,0,0,CHN
117,1/24/20,Washington,US,1/24/20,1,0,0,USA
118,1/24/20,Chicago,US,1/24/20,1,0,0,USA
119,1/24/20,,Japan,1/24/20,2,0,0,JPN
120,1/24/20,,Thailand,1/24/20,5,0,0,THA
121,1/24/20,,South Korea,1/24/20,2,0,0,KOR
122,1/24/20,,Singapore,1/24/20,3,0,0,SGP
123,1/24/20,,Vietnam,1/24/20,2,0,0,VNM
124,1/24/20,,France,1/24/20,2,0,0,FRA
125,1/25/20,Hubei,Mainland China,1/25/20,1052,52,42,CHN
126,1/25/20,Zhejiang,Mainland China,1/25/20,104,0,1,CHN
127,1/25/20,Guangdong,Mainland China,1/25/20,98,0,2,CHN
128,1/25/20,Henan,Mainland China,1/25/20,83,1,0,CHN
129,1/25/20,Chongqing,Mainland China,1/25/20,75,0,0,CHN
130,1/25/20,Hunan,Mainland China,1/25/20,69,0,0,CHN
131,1/25/20,Anhui,Mainland China,1/25/20,60,0,0,CHN
132,1/25/20,Beijing,Mainland China,1/25/20,51,0,2,CHN
133,1/25/20,Sichuan,Mainland China,1/25/20,44,0,0,CHN
134,1/25/20,Shanghai,Mainland China,1/25/20,40,1,1,CHN
135,1/25/20,Shandong,Mainland China,1/25/20,39,0,0,CHN
136,1/25/20,Jiangxi,Mainland China,1/25/20,36,0,0,CHN
137,1/25/20,Guangxi,Mainland China,1/25/20,33,0,0,CHN
138,1/25/20,Jiangsu,Mainland China,1/25/20,31,0,1,CHN
139,1/25/20,Hainan,Mainland China,1/25/20,19,0,0,CHN
140,1/25/20,Liaoning,Mainland China,1/25/20,19,0,0,CHN
141,1/25/20,Fujian,Mainland China,1/25/20,18,1,0,CHN
142,1/25/20,Heilongjiang,Mainland China,1/25/20,15,0,0,CHN
143,1/25/20,Shaanxi,Mainland China,1/25/20,15,0,0,CHN
144,1/25/20,Tianjin,Mainland China,1/25/20,13,0,0,CHN
145,1/25/20,Hebei,Mainland China,1/25/20,13,1,0,CHN
146,1/25/20,Yunnan,Mainland China,1/25/20,11,0,0,CHN
147,1/25/20,Shanxi,Mainland China,1/25/20,9,0,0,CHN
148,1/25/20,Inner Mongolia,Mainland China,1/25/20,7,0,0,CHN
149,1/25/20,Gansu,Mainland China,1/25/20,7,0,0,CHN
150,1/25/20,Guizhou,Mainland China,1/25/20,5,0,0,CHN
151,1/25/20,Hong Kong,Hong Kong,1/25/20,5,0,0,HKG
152,1/25/20,Ningxia,Mainland China,1/25/20,4,0,0,CHN
153,1/25/20,Jilin,Mainland China,1/25/20,4,0,0,CHN
154,1/25/20,Xinjiang,Mainland China,1/25/20,4,0,0,CHN
155,1/25/20,Taiwan,Taiwan,1/25/20,3,0,0,TWN
156,1/25/20,Macau,Macau,1/25/20,2,0,0,MAC
157,1/25/20,Qinghai,Mainland China,1/25/20,1,0,0,CHN
158,1/25/20,Washington,US,1/25/20,1,0,0,USA
159,1/25/20,Illinois,US,1/25/20,1,0,0,USA
160,1/25/20,,Japan,1/25/20,2,0,0,JPN
161,1/25/20,,Thailand,1/25/20,7,0,0,THA
162,1/25/20,,South Korea,1/25/20,3,0,0,KOR
163,1/25/20,,Singapore,1/25/20,3,0,0,SGP
164,1/25/20,,Vietnam,1/25/20,2,0,0,VNM
165,1/25/20,,France,1/25/20,3,0,0,FRA
166,1/25/20,,Australia,1/25/20,4,0,0,AUS
167,1/25/20,,Nepal,1/25/20,1,0,0,NPL
168,1/25/20,,Malaysia,1/25/20,3,0,0,MYS
169,1/26/20,Hubei,Mainland China,1/26/20,1423,76,44,CHN
170,1/26/20,Guangdong,Mainland China,1/26/20,146,0,2,CHN
171,1/26/20,Zhejiang,Mainland China,1/26/20,128,0,1,CHN
172,1/26/20,Henan,Mainland China,1/26/20,128,1,0,CHN
173,1/26/20,Chongqing,Mainland China,1/26/20,110,0,0,CHN
174,1/26/20,Hunan,Mainland China,1/26/20,100,0,0,CHN
175,1/26/20,Anhui,Mainland China,1/26/20,70,0,0,CHN
176,1/26/20,Sichuan,Mainland China,1/26/20,69,0,0,CHN
177,1/26/20,Beijing,Mainland China,1/26/20,68,0,2,CHN
178,1/26/20,Shandong,Mainland China,1/26/20,63,0,0,CHN
179,1/26/20,Shanghai,Mainland China,1/26/20,53,1,1,CHN
180,1/26/20,Jiangxi,Mainland China,1/26/20,48,0,0,CHN
181,1/26/20,Jiangsu,Mainland China,1/26/20,47,0,1,CHN
182,1/26/20,Guangxi,Mainland China,1/26/20,46,0,0,CHN
183,1/26/20,Fujian,Mainland China,1/26/20,35,0,0,CHN
184,1/26/20,Liaoning,Mainland China,1/26/20,23,0,0,CHN
185,1/26/20,Hainan,Mainland China,1/26/20,22,0,0,CHN
186,1/26/20,Shaanxi,Mainland China,1/26/20,22,0,0,CHN
187,1/26/20,Heilongjiang,Mainland China,1/26/20,21,1,0,CHN
188,1/26/20,Yunnan,Mainland China,1/26/20,19,0,0,CHN
189,1/26/20,Hebei,Mainland China,1/26/20,18,1,0,CHN
190,1/26/20,Tianjin,Mainland China,1/26/20,14,0,0,CHN
191,1/26/20,Gansu,Mainland China,1/26/20,14,0,0,CHN
192,1/26/20,Shanxi,Mainland China,1/26/20,13,0,0,CHN
193,1/26/20,Inner Mongolia,Mainland China,1/26/20,11,0,0,CHN
194,1/26/20,Hong Kong,Hong Kong,1/26/20,8,0,0,HKG
195,1/26/20,Guizhou,Mainland China,1/26/20,7,0,0,CHN
196,1/26/20,Jilin,Mainland China,1/26/20,6,0,0,CHN
197,1/26/20,Macau,Macau,1/26/20,6,0,0,MAC
198,1/26/20,Xinjiang,Mainland China,1/26/20,5,0,0,CHN
199,1/26/20,Ningxia,Mainland China,1/26/20,4,0,0,CHN
200,1/26/20,Taiwan,Taiwan,1/26/20,4,0,0,TWN
201,1/26/20,Qinghai,Mainland China,1/26/20,4,0,0,CHN
202,1/26/20,Washington,US,1/26/20,1,0,0,USA
203,1/26/20,Illinois,US,1/26/20,1,0,0,USA
204,1/26/20,California,US,1/26/20,2,0,0,USA
205,1/26/20,Arizona,US,1/26/20,1,0,0,USA
206,1/26/20,,Japan,1/26/20,4,0,1,JPN
207,1/26/20,,Thailand,1/26/20,8,0,2,THA
208,1/26/20,,South Korea,1/26/20,3,0,0,KOR
209,1/26/20,,Singapore,1/26/20,4,0,0,SGP
210,1/26/20,,Vietnam,1/26/20,2,0,0,VNM
211,1/26/20,,France,1/26/20,3,0,0,FRA
212,1/26/20,,Australia,1/26/20,4,0,0,AUS
213,1/26/20,,Nepal,1/26/20,1,0,0,NPL
214,1/26/20,,Malaysia,1/26/20,4,0,0,MYS
215,1/26/20,Ontario,Canada,1/26/20,1,0,0,CAN
216,1/27/20,Hubei,Mainland China,1/27/20,2714,100,47,CHN
217,1/27/20,Zhejiang,Mainland China,1/27/20,173,0,1,CHN
218,1/27/20,Henan,Mainland China,1/27/20,168,1,0,CHN
219,1/27/20,Guangdong,Mainland China,1/27/20,151,0,4,CHN
220,1/27/20,Chongqing,Mainland China,1/27/20,132,0,0,CHN
221,1/27/20,Anhui,Mainland China,1/27/20,106,0,0,CHN
222,1/27/20,Hunan,Mainland China,1/27/20,100,0,0,CHN
223,1/27/20,Sichuan,Mainland China,1/27/20,90,0,0,CHN
224,1/27/20,Shandong,Mainland China,1/27/20,87,1,0,CHN
225,1/27/20,Beijing,Mainland China,1/27/20,80,1,2,CHN
226,1/27/20,Jiangxi,Mainland China,1/27/20,72,0,2,CHN
227,1/27/20,Jiangsu,Mainland China,1/27/20,70,0,1,CHN
228,1/27/20,Shanghai,Mainland China,1/27/20,66,1,3,CHN
229,1/27/20,Fujian,Mainland China,1/27/20,59,0,0,CHN
230,1/27/20,Guangxi,Mainland China,1/27/20,51,0,0,CHN
231,1/27/20,Shaanxi,Mainland China,1/27/20,35,0,0,CHN
232,1/27/20,Hainan,Mainland China,1/27/20,33,1,0,CHN
233,1/27/20,Hebei,Mainland China,1/27/20,33,1,0,CHN
234,1/27/20,Heilongjiang,Mainland China,1/27/20,30,1,0,CHN
235,1/27/20,Liaoning,Mainland China,1/27/20,27,0,0,CHN
236,1/27/20,Yunnan,Mainland China,1/27/20,26,0,0,CHN
237,1/27/20,Tianjin,Mainland China,1/27/20,23,0,0,CHN
238,1/27/20,Shanxi,Mainland China,1/27/20,20,0,0,CHN
239,1/27/20,Gansu,Mainland China,1/27/20,19,0,0,CHN
240,1/27/20,Inner Mongolia,Mainland China,1/27/20,11,0,0,CHN
241,1/27/20,Guizhou,Mainland China,1/27/20,9,0,0,CHN
242,1/27/20,Hong Kong,Hong Kong,1/27/20,8,0,0,HKG
243,1/27/20,Ningxia,Mainland China,1/27/20,7,0,0,CHN
244,1/27/20,Jilin,Mainland China,1/27/20,6,0,0,CHN
245,1/27/20,Macau,Macau,1/27/20,6,0,0,MAC
246,1/27/20,Qinghai,Mainland China,1/27/20,6,0,0,CHN
247,1/27/20,Taiwan,Taiwan,1/27/20,5,0,0,TWN
248,1/27/20,Xinjiang,Mainland China,1/27/20,5,0,0,CHN
249,1/27/20,Washington,US,1/27/20,1,0,0,USA
250,1/27/20,Illinois,US,1/27/20,1,0,0,USA
251,1/27/20,California,US,1/27/20,2,0,0,USA
252,1/27/20,Arizona,US,1/27/20,1,0,0,USA
253,1/27/20,,Japan,1/27/20,4,0,1,JPN
254,1/27/20,,Thailand,1/27/20,8,0,2,THA
255,1/27/20,,South Korea,1/27/20,4,0,0,KOR
256,1/27/20,,Singapore,1/27/20,5,0,0,SGP
257,1/27/20,,Vietnam,1/27/20,2,0,0,VNM
258,1/27/20,,France,1/27/20,3,0,0,FRA
259,1/27/20,,Nepal,1/27/20,1,0,0,NPL
260,1/27/20,,Malaysia,1/27/20,4,0,0,MYS
261,1/27/20,Ontario,Canada,1/27/20,1,0,0,CAN
262,1/27/20,,Cambodia,1/27/20,1,0,0,KHM
263,1/27/20,,Sri Lanka,1/27/20,1,0,0,LKA
264,1/27/20,,Ivory Coast,1/27/20,0,0,0,CIV
265,1/27/20,New South Wales,Australia,1/27/20,4,0,0,AUS
266,1/27/20,Victoria,Australia,1/27/20,1,0,0,AUS
267,1/27/20,Bavaria,Germany,1/27/20,1,0,0,DEU
268,1/28/20,Hubei,Mainland China,1/28/20,3554,125,80,CHN
269,1/28/20,Zhejiang,Mainland China,1/28/20,296,0,3,CHN
270,1/28/20,Guangdong,Mainland China,1/28/20,241,0,5,CHN
271,1/28/20,Hunan,Mainland China,1/28/20,221,0,0,CHN
272,1/28/20,Henan,Mainland China,1/28/20,206,2,1,CHN
273,1/28/20,Anhui,Mainland China,1/28/20,152,0,0,CHN
274,1/28/20,Chongqing,Mainland China,1/28/20,147,0,1,CHN
275,1/28/20,Shandong,Mainland China,1/28/20,121,0,0,CHN
276,1/28/20,Jiangxi,Mainland China,1/28/20,109,0,3,CHN
277,1/28/20,Sichuan,Mainland China,1/28/20,108,0,0,CHN
278,1/28/20,Jiangsu,Mainland China,1/28/20,99,0,1,CHN
279,1/28/20,Beijing,Mainland China,1/28/20,91,1,4,CHN
280,1/28/20,Fujian,Mainland China,1/28/20,82,0,0,CHN
281,1/28/20,Shanghai,Mainland China,1/28/20,80,1,4,CHN
282,1/28/20,Guangxi,Mainland China,1/28/20,58,0,2,CHN
283,1/28/20,Shaanxi,Mainland China,1/28/20,56,0,0,CHN
284,1/28/20,Hebei,Mainland China,1/28/20,48,1,0,CHN
285,1/28/20,Yunnan,Mainland China,1/28/20,44,0,0,CHN
286,1/28/20,Hainan,Mainland China,1/28/20,43,1,0,CHN
287,1/28/20,Heilongjiang,Mainland China,1/28/20,37,1,0,CHN
288,1/28/20,Liaoning,Mainland China,1/28/20,36,0,0,CHN
289,1/28/20,Shanxi,Mainland China,1/28/20,27,0,0,CHN
290,1/28/20,Tianjin,Mainland China,1/28/20,25,0,0,CHN
291,1/28/20,Gansu,Mainland China,1/28/20,24,0,0,CHN
292,1/28/20,Inner Mongolia,Mainland China,1/28/20,16,0,0,CHN
293,1/28/20,Xinjiang,Mainland China,1/28/20,13,0,0,CHN
294,1/28/20,Ningxia,Mainland China,1/28/20,12,0,0,CHN
295,1/28/20,Guizhou,Mainland China,1/28/20,9,0,0,CHN
296,1/28/20,Jilin,Mainland China,1/28/20,9,0,0,CHN
297,1/28/20,Hong Kong,Hong Kong,1/28/20,8,0,0,HKG
298,1/28/20,Taiwan,Taiwan,1/28/20,8,0,0,TWN
299,1/28/20,Macau,Macau,1/28/20,7,0,0,MAC
300,1/28/20,Qinghai,Mainland China,1/28/20,6,0,0,CHN
301,1/28/20,Washington,US,1/28/20,1,0,0,USA
302,1/28/20,Illinois,US,1/28/20,1,0,0,USA
303,1/28/20,California,US,1/28/20,2,0,0,USA
304,1/28/20,Arizona,US,1/28/20,1,0,0,USA
305,1/28/20,,Japan,1/28/20,7,0,1,JPN
306,1/28/20,,Thailand,1/28/20,14,0,5,THA
307,1/28/20,,South Korea,1/28/20,4,0,0,KOR
308,1/28/20,,Singapore,1/28/20,7,0,0,SGP
309,1/28/20,,Vietnam,1/28/20,2,0,0,VNM
310,1/28/20,,France,1/28/20,4,0,0,FRA
311,1/28/20,,Nepal,1/28/20,1,0,0,NPL
312,1/28/20,,Malaysia,1/28/20,7,0,0,MYS
313,1/28/20,Ontario,Canada,1/28/20,1,0,0,CAN
314,1/28/20,British Columbia,Canada,1/28/20,1,0,0,CAN
315,1/28/20,,Cambodia,1/28/20,1,0,0,KHM
316,1/28/20,,Sri Lanka,1/28/20,1,0,0,LKA
317,1/28/20,New South Wales,Australia,1/28/20,4,0,0,AUS
318,1/28/20,Victoria,Australia,1/28/20,1,0,0,AUS
319,1/28/20,Bavaria,Germany,1/28/20,4,0,0,DEU
320,1/29/20,Hubei,Mainland China,1/29/20,4586,162,90,CHN
321,1/29/20,Zhejiang,Mainland China,1/29/20,428,0,4,CHN
322,1/29/20,Guangdong,Mainland China,1/29/20,311,0,6,CHN
323,1/29/20,Henan,Mainland China,1/29/20,278,2,2,CHN
324,1/29/20,Hunan,Mainland China,1/29/20,277,0,0,CHN
325,1/29/20,Anhui,Mainland China,1/29/20,200,0,2,CHN
326,1/29/20,Chongqing,Mainland China,1/29/20,165,0,1,CHN
327,1/29/20,Jiangxi,Mainland China,1/29/20,162,0,4,CHN
328,1/29/20,Shandong,Mainland China,1/29/20,145,0,1,CHN
329,1/29/20,Sichuan,Mainland China,1/29/20,142,1,1,CHN
330,1/29/20,Jiangsu,Mainland China,1/29/20,129,0,1,CHN
331,1/29/20,Beijing,Mainland China,1/29/20,111,1,4,CHN
332,1/29/20,Shanghai,Mainland China,1/29/20,101,1,5,CHN
333,1/29/20,Fujian,Mainland China,1/29/20,101,0,0,CHN
334,1/29/20,Guangxi,Mainland China,1/29/20,78,0,2,CHN
335,1/29/20,Hebei,Mainland China,1/29/20,65,1,0,CHN
336,1/29/20,Shaanxi,Mainland China,1/29/20,56,0,0,CHN
337,1/29/20,Yunnan,Mainland China,1/29/20,55,0,0,CHN
338,1/29/20,Hainan,Mainland China,1/29/20,43,1,0,CHN
339,1/29/20,Heilongjiang,Mainland China,1/29/20,43,1,0,CHN
340,1/29/20,Liaoning,Mainland China,1/29/20,39,0,1,CHN
341,1/29/20,Shanxi,Mainland China,1/29/20,35,0,1,CHN
342,1/29/20,Tianjin,Mainland China,1/29/20,27,0,0,CHN
343,1/29/20,Gansu,Mainland China,1/29/20,26,0,0,CHN
344,1/29/20,Inner Mongolia,Mainland China,1/29/20,16,0,0,CHN
345,1/29/20,Jilin,Mainland China,1/29/20,14,0,1,CHN
346,1/29/20,Xinjiang,Mainland China,1/29/20,14,0,0,CHN
347,1/29/20,Guizhou,Mainland China,1/29/20,12,0,1,CHN
348,1/29/20,Ningxia,Mainland China,1/29/20,12,0,0,CHN
349,1/29/20,Hong Kong,Hong Kong,1/29/20,10,0,0,HKG
350,1/29/20,Taiwan,Taiwan,1/29/20,8,0,0,TWN
351,1/29/20,Macau,Macau,1/29/20,7,0,0,MAC
352,1/29/20,Qinghai,Mainland China,1/29/20,6,0,0,CHN
353,1/29/20,Tibet,Mainland China,1/29/20,1,0,0,CHN
354,1/29/20,Washington,US,1/29/20,1,0,0,USA
355,1/29/20,Illinois,US,1/29/20,1,0,0,USA
356,1/29/20,California,US,1/29/20,2,0,0,USA
357,1/29/20,Arizona,US,1/29/20,1,0,0,USA
358,1/29/20,,Japan,1/29/20,11,0,1,JPN
359,1/29/20,,Thailand,1/29/20,14,0,5,THA
360,1/29/20,,South Korea,1/29/20,4,0,0,KOR
361,1/29/20,,Singapore,1/29/20,10,0,0,SGP
362,1/29/20,,Vietnam,1/29/20,2,0,0,VNM
363,1/29/20,,France,1/29/20,5,0,0,FRA
364,1/29/20,,Nepal,1/29/20,1,0,0,NPL
365,1/29/20,,Malaysia,1/29/20,7,0,0,MYS
366,1/29/20,Ontario,Canada,1/29/20,2,0,0,CAN
367,1/29/20,British Columbia,Canada,1/29/20,1,0,0,CAN
368,1/29/20,,Cambodia,1/29/20,1,0,0,KHM
369,1/29/20,,Sri Lanka,1/29/20,1,0,0,LKA
370,1/29/20,New South Wales,Australia,1/29/20,4,0,0,AUS
371,1/29/20,Victoria,Australia,1/29/20,2,0,0,AUS
372,1/29/20,Queensland,Australia,1/29/20,1,0,0,AUS
373,1/29/20,Bavaria,Germany,1/29/20,4,0,0,DEU
374,1/29/20,,Finland,1/29/20,1,0,0,FIN
375,1/29/20,,United Arab Emirates,1/29/20,4,0,0,ARE
376,1/30/20,Hubei,Mainland China,1/30/20,5806,204,116,CHN
377,1/30/20,Zhejiang,Mainland China,1/30/20,537,0,9,CHN
378,1/30/20,Guangdong,Mainland China,1/30/20,393,0,11,CHN
379,1/30/20,Henan,Mainland China,1/30/20,352,2,3,CHN
380,1/30/20,Hunan,Mainland China,1/30/20,332,0,2,CHN
381,1/30/20,Jiangxi,Mainland China,1/30/20,240,0,7,CHN
382,1/30/20,Anhui,Mainland China,1/30/20,237,0,3,CHN
383,1/30/20,Chongqing,Mainland China,1/30/20,206,0,1,CHN
384,1/30/20,Shandong,Mainland China,1/30/20,178,0,2,CHN
385,1/30/20,Sichuan,Mainland China,1/30/20,177,1,1,CHN
386,1/30/20,Jiangsu,Mainland China,1/30/20,168,0,2,CHN
387,1/30/20,Shanghai,Mainland China,1/30/20,128,1,9,CHN
388,1/30/20,Beijing,Mainland China,1/30/20,121,1,5,CHN
389,1/30/20,Fujian,Mainland China,1/30/20,101,0,0,CHN
390,1/30/20,Guangxi,Mainland China,1/30/20,87,0,2,CHN
391,1/30/20,Hebei,Mainland China,1/30/20,82,1,0,CHN
392,1/30/20,Yunnan,Mainland China,1/30/20,76,0,0,CHN
393,1/30/20,Shaanxi,Mainland China,1/30/20,87,0,0,CHN
394,1/30/20,Heilongjiang,Mainland China,1/30/20,59,2,0,CHN
395,1/30/20,Hainan,Mainland China,1/30/20,50,1,1,CHN
396,1/30/20,Liaoning,Mainland China,1/30/20,45,0,1,CHN
397,1/30/20,Shanxi,Mainland China,1/30/20,39,0,1,CHN
398,1/30/20,Tianjin,Mainland China,1/30/20,32,0,0,CHN
399,1/30/20,Gansu,Mainland China,1/30/20,29,0,0,CHN
400,1/30/20,Ningxia,Mainland China,1/30/20,21,0,1,CHN
401,1/30/20,Inner Mongolia,Mainland China,1/30/20,20,0,0,CHN
402,1/30/20,Xinjiang,Mainland China,1/30/20,17,0,0,CHN
403,1/30/20,Guizhou,Mainland China,1/30/20,15,0,1,CHN
404,1/30/20,Jilin,Mainland China,1/30/20,14,0,1,CHN
405,1/30/20,Hong Kong,Hong Kong,1/30/20,12,0,0,HKG
406,1/30/20,Taiwan,Taiwan,1/30/20,9,0,0,TWN
407,1/30/20,Qinghai,Mainland China,1/30/20,8,0,0,CHN
408,1/30/20,Macau,Macau,1/30/20,7,0,0,MAC
409,1/30/20,Tibet,Mainland China,1/30/20,1,0,0,CHN
410,1/30/20,Washington,US,1/30/20,1,0,0,USA
411,1/30/20,Illinois,US,1/30/20,2,0,0,USA
412,1/30/20,California,US,1/30/20,2,0,0,USA
413,1/30/20,Arizona,US,1/30/20,1,0,0,USA
414,1/30/20,,Japan,1/30/20,11,0,1,JPN
415,1/30/20,,Thailand,1/30/20,14,0,5,THA
416,1/30/20,,South Korea,1/30/20,6,0,0,KOR
417,1/30/20,,Singapore,1/30/20,10,0,0,SGP
418,1/30/20,,Vietnam,1/30/20,2,0,0,VNM
419,1/30/20,,France,1/30/20,5,0,0,FRA
420,1/30/20,,Nepal,1/30/20,1,0,0,NPL
421,1/30/20,,Malaysia,1/30/20,8,0,0,MYS
422,1/30/20,Ontario,Canada,1/30/20,2,0,0,CAN
423,1/30/20,British Columbia,Canada,1/30/20,1,0,0,CAN
424,1/30/20,,Cambodia,1/30/20,1,0,0,KHM
425,1/30/20,,Sri Lanka,1/30/20,1,0,0,LKA
426,1/30/20,New South Wales,Australia,1/30/20,4,0,2,AUS
427,1/30/20,Victoria,Australia,1/30/20,2,0,0,AUS
428,1/30/20,Queensland,Australia,1/30/20,3,0,0,AUS
429,1/30/20,Bavaria,Germany,1/30/20,4,0,0,DEU
430,1/30/20,,Finland,1/30/20,1,0,0,FIN
431,1/30/20,,United Arab Emirates,1/30/20,4,0,0,ARE
432,1/30/20,,Philippines,1/30/20,1,0,0,PHL
433,1/30/20,,India,1/30/20,1,0,0,IND
434,1/30/20,,Italy,1/30/20,2,0,0,ITA
435,1/31/20,Hubei,Mainland China,1/31/20,7153,249,169,CHN
436,1/31/20,Zhejiang,Mainland China,1/31/20,537,0,14,CHN
437,1/31/20,Guangdong,Mainland China,1/31/20,436,0,10,CHN
438,1/31/20,Henan,Mainland China,1/31/20,352,2,3,CHN
439,1/31/20,Hunan,Mainland China,1/31/20,332,0,3,CHN
440,1/31/20,Jiangxi,Mainland China,1/31/20,240,0,7,CHN
441,1/31/20,Chongqing,Mainland China,1/31/20,238,1,1,CHN
442,1/31/20,Anhui,Mainland China,1/31/20,237,0,3,CHN
443,1/31/20,Shandong,Mainland China,1/31/20,184,0,2,CHN
444,1/31/20,Sichuan,Mainland China,1/31/20,177,1,1,CHN
445,1/31/20,Jiangsu,Mainland China,1/31/20,168,0,5,CHN
446,1/31/20,Shanghai,Mainland China,1/31/20,153,1,9,CHN
447,1/31/20,Beijing,Mainland China,1/31/20,139,1,5,CHN
448,1/31/20,Fujian,Mainland China,1/31/20,120,0,0,CHN
449,1/31/20,Hebei,Mainland China,1/31/20,96,1,0,CHN
450,1/31/20,Guangxi,Mainland China,1/31/20,88,0,2,CHN
451,1/31/20,Shaanxi,Mainland China,1/31/20,87,0,0,CHN
452,1/31/20,Yunnan,Mainland China,1/31/20,83,0,1,CHN
453,1/31/20,Liaoning,Mainland China,1/31/20,60,0,1,CHN
454,1/31/20,Heilongjiang,Mainland China,1/31/20,59,2,0,CHN
455,1/31/20,Hainan,Mainland China,1/31/20,58,1,1,CHN
456,1/31/20,Shanxi,Mainland China,1/31/20,47,0,1,CHN
457,1/31/20,Gansu,Mainland China,1/31/20,35,0,0,CHN
458,1/31/20,Tianjin,Mainland China,1/31/20,32,0,0,CHN
459,1/31/20,Guizhou,Mainland China,1/31/20,29,0,2,CHN
460,1/31/20,Ningxia,Mainland China,1/31/20,21,0,1,CHN
461,1/31/20,Inner Mongolia,Mainland China,1/31/20,20,0,0,CHN
462,1/31/20,Xinjiang,Mainland China,1/31/20,17,0,0,CHN
463,1/31/20,Jilin,Mainland China,1/31/20,14,0,1,CHN
464,1/31/20,Hong Kong,Hong Kong,1/31/20,13,0,0,HKG
465,1/31/20,Taiwan,Taiwan,1/31/20,10,0,0,TWN
466,1/31/20,Qinghai,Mainland China,1/31/20,8,0,0,CHN
467,1/31/20,Macau,Macau,1/31/20,7,0,0,MAC
468,1/31/20,Tibet,Mainland China,1/31/20,1,0,0,CHN
469,1/31/20,Washington,US,1/31/20,1,0,0,USA
470,1/31/20,Illinois,US,1/31/20,2,0,0,USA
471,1/31/20,California,US,1/31/20,3,0,0,USA
472,1/31/20,Arizona,US,1/31/20,1,0,0,USA
473,1/31/20,,Japan,1/31/20,17,0,1,JPN
474,1/31/20,,Thailand,1/31/20,19,0,7,THA
475,1/31/20,,South Korea,1/31/20,11,0,0,KOR
476,1/31/20,,Singapore,1/31/20,16,0,0,SGP
477,1/31/20,,Vietnam,1/31/20,2,0,0,VNM
478,1/31/20,,France,1/31/20,6,0,0,FRA
479,1/31/20,,Nepal,1/31/20,1,0,0,NPL
480,1/31/20,,Malaysia,1/31/20,8,0,0,MYS
481,1/31/20,Ontario,Canada,1/31/20,2,0,0,CAN
482,1/31/20,British Columbia,Canada,1/31/20,1,0,0,CAN
483,1/31/20,,Cambodia,1/31/20,1,0,0,KHM
484,1/31/20,,Sri Lanka,1/31/20,1,0,0,LKA
485,1/31/20,New South Wales,Australia,1/31/20,4,0,2,AUS
486,1/31/20,Victoria,Australia,1/31/20,2,0,0,AUS
487,1/31/20,Queensland,Australia,1/31/20,3,0,0,AUS
488,1/31/20,Bavaria,Germany,1/31/20,7,0,0,DEU
489,1/31/20,,Finland,1/31/20,1,0,0,FIN
490,1/31/20,,United Arab Emirates,1/31/20,4,0,0,ARE
491,1/31/20,,Philippines,1/31/20,1,0,0,PHL
492,1/31/20,,India,1/31/20,1,0,0,IND
493,1/31/20,,Italy,1/31/20,2,0,0,ITA
494,1/31/20,,Sweden,1/31/20,1,0,0,SWE
495,1/31/20,,Russia,1/31/20,2,0,0,RUS
496,1/31/20,,Spain,1/31/20,1,0,0,ESP
497,1/31/20,,UK,1/31/20,2,0,0,GBR
498,2/1/20,Hubei,Mainland China,1/2/20,9074,294,215,CHN
499,2/1/20,Zhejiang,Mainland China,2/2/20,661,0,23,CHN
500,2/1/20,Guangdong,Mainland China,2/2/20,604,0,14,CHN
501,2/1/20,Henan,Mainland China,2/2/20,493,2,4,CHN
502,2/1/20,Hunan,Mainland China,2/2/20,463,0,8,CHN
503,2/1/20,Anhui,Mainland China,2/2/20,340,0,5,CHN
504,2/1/20,Jiangxi,Mainland China,2/2/20,333,0,10,CHN
505,2/1/20,Chongqing,Mainland China,1/2/20,262,1,3,CHN
506,2/1/20,Jiangsu,Mainland China,2/2/20,236,0,6,CHN
507,2/1/20,Sichuan,Mainland China,2/2/20,231,1,3,CHN
508,2/1/20,Shandong,Mainland China,2/2/20,225,0,5,CHN
509,2/1/20,Beijing,Mainland China,2/2/20,183,1,9,CHN
510,2/1/20,Shanghai,Mainland China,2/2/20,177,1,10,CHN
511,2/1/20,Fujian,Mainland China,2/2/20,159,0,0,CHN
512,2/1/20,Shaanxi,Mainland China,2/2/20,116,0,0,CHN
513,2/1/20,Guangxi,Mainland China,2/2/20,111,0,2,CHN
514,2/1/20,Hebei,Mainland China,2/2/20,104,1,3,CHN
515,2/1/20,Heilongjiang,Mainland China,2/2/20,95,2,2,CHN
516,2/1/20,Yunnan,Mainland China,1/2/20,93,0,2,CHN
517,2/1/20,Liaoning,Mainland China,1/2/20,64,0,1,CHN
518,2/1/20,Hainan,Mainland China,2/2/20,63,1,1,CHN
519,2/1/20,Shanxi,Mainland China,1/2/20,56,0,1,CHN
520,2/1/20,Tianjin,Mainland China,2/2/20,45,0,0,CHN
521,2/1/20,Gansu,Mainland China,1/2/20,40,0,0,CHN
522,2/1/20,Guizhou,Mainland China,2/2/20,38,0,2,CHN
523,2/1/20,Ningxia,Mainland China,2/2/20,28,0,0,CHN
524,2/1/20,Inner Mongolia,Mainland China,2/2/20,27,0,1,CHN
525,2/1/20,Jilin,Mainland China,2/2/20,23,0,1,CHN
526,2/1/20,Xinjiang,Mainland China,2/2/20,21,0,0,CHN
527,2/1/20,,Japan,1/2/20,20,0,1,JPN
528,2/1/20,,Thailand,1/31/20,19,0,5,THA
529,2/1/20,,Singapore,2/2/20,18,0,0,SGP
530,2/1/20,,South Korea,2/2/20,15,0,0,KOR
531,2/1/20,Hong Kong,Hong Kong,2/2/20,14,0,0,HKG
532,2/1/20,Taiwan,Taiwan,1/31/20,10,0,0,TWN
533,2/1/20,Qinghai,Mainland China,1/2/20,9,0,0,CHN
534,2/1/20,,Germany,1/2/20,8,0,0,DEU
535,2/1/20,,Malaysia,1/31/20,8,0,0,MYS
536,2/1/20,Macau,Macau,1/31/20,7,0,0,MAC
537,2/1/20,,France,1/2/20,6,0,0,FRA
538,2/1/20,,Vietnam,1/2/20,6,0,1,VNM
539,2/1/20,New South Wales,Australia,1/2/20,4,0,2,AUS
540,2/1/20,Victoria,Australia,1/2/20,4,0,0,AUS
541,2/1/20,,United Arab Emirates,1/31/20,4,0,0,ARE
542,2/1/20,Queensland,Australia,1/2/20,2,0,0,AUS
543,2/1/20,Ontario,Canada,1/2/20,3,0,0,CAN
544,2/1/20,,Italy,1/31/20,2,0,0,ITA
545,2/1/20,,Philippines,2/2/20,2,1,0,PHL
546,2/1/20,,Russia,1/31/20,2,0,0,RUS
547,2/1/20,,UK,1/2/20,2,0,0,GBR
548,2/1/20,"Chicago, IL",US,1/2/20,2,0,0,USA
549,2/1/20,South Australia,Australia,1/2/20,2,0,0,AUS
550,2/1/20,,Cambodia,1/31/20,1,0,0,KHM
551,2/1/20,British Columbia,Canada,1/2/20,1,0,0,CAN
552,2/1/20,,Finland,1/31/20,1,0,0,FIN
553,2/1/20,,India,1/31/20,1,0,0,IND
554,2/1/20,Tibet,Mainland China,1/2/20,1,0,0,CHN
555,2/1/20,,Nepal,1/31/20,1,0,0,NPL
556,2/1/20,,Spain,1/2/20,1,0,0,ESP
557,2/1/20,,Sri Lanka,1/31/20,1,0,0,LKA
558,2/1/20,,Sweden,1/2/20,1,0,0,SWE
559,2/1/20,"Boston, MA",US,1/2/20,1,0,0,USA
560,2/1/20,"Los Angeles, CA",US,1/2/20,1,0,0,USA
561,2/1/20,"Orange, CA",US,1/2/20,1,0,0,USA
562,2/1/20,"Santa Clara, CA",US,1/2/20,1,0,0,USA
563,2/1/20,"Seattle, WA",US,1/2/20,1,0,0,USA
564,2/1/20,"Tempe, AZ",US,1/2/20,1,0,0,USA
565,2/2/20,Hubei,Mainland China,2/2/20,11177,350,295,CHN
566,2/2/20,Zhejiang,Mainland China,3/2/20,724,0,36,CHN
567,2/2/20,Guangdong,Mainland China,3/2/20,683,0,15,CHN
568,2/2/20,Henan,Mainland China,3/2/20,566,2,14,CHN
569,2/2/20,Hunan,Mainland China,3/2/20,521,0,16,CHN
570,2/2/20,Anhui,Mainland China,3/2/20,408,0,7,CHN
571,2/2/20,Jiangxi,Mainland China,3/2/20,391,0,18,CHN
572,2/2/20,Chongqing,Mainland China,2/2/20,300,2,7,CHN
573,2/2/20,Jiangsu,Mainland China,3/2/20,271,0,7,CHN
574,2/2/20,Sichuan,Mainland China,3/2/20,254,1,12,CHN
575,2/2/20,Shandong,Mainland China,3/2/20,246,0,6,CHN
576,2/2/20,Shanghai,Mainland China,3/2/20,193,1,10,CHN
577,2/2/20,Beijing,Mainland China,2/2/20,191,1,9,CHN
578,2/2/20,Fujian,Mainland China,2/2/20,159,0,0,CHN
579,2/2/20,Guangxi,Mainland China,3/2/20,127,0,2,CHN
580,2/2/20,Shaanxi,Mainland China,2/2/20,116,0,0,CHN
581,2/2/20,Hebei,Mainland China,3/2/20,113,1,3,CHN
582,2/2/20,Yunnan,Mainland China,2/2/20,105,0,3,CHN
583,2/2/20,Heilongjiang,Mainland China,2/2/20,95,2,2,CHN
584,2/2/20,Hainan,Mainland China,3/2/20,71,1,4,CHN
585,2/2/20,Liaoning,Mainland China,2/2/20,70,0,1,CHN
586,2/2/20,Shanxi,Mainland China,2/2/20,66,0,3,CHN
587,2/2/20,Gansu,Mainland China,2/2/20,51,0,3,CHN
588,2/2/20,Tianjin,Mainland China,2/2/20,48,0,1,CHN
589,2/2/20,Guizhou,Mainland China,3/2/20,46,0,2,CHN
590,2/2/20,Jilin,Mainland China,3/2/20,31,0,1,CHN
591,2/2/20,Ningxia,Mainland China,2/2/20,28,0,0,CHN
592,2/2/20,Inner Mongolia,Mainland China,2/2/20,27,0,1,CHN
593,2/2/20,Xinjiang,Mainland China,3/2/20,24,0,0,CHN
594,2/2/20,,Japan,1/2/20,20,0,1,JPN
595,2/2/20,,Thailand,1/31/20,19,0,5,THA
596,2/2/20,,Singapore,2/2/20,18,0,0,SGP
597,2/2/20,Hong Kong,Hong Kong,2/2/20,15,0,0,HKG
598,2/2/20,,South Korea,2/2/20,15,0,0,KOR
599,2/2/20,Qinghai,Mainland China,2/2/20,11,0,0,CHN
600,2/2/20,,Germany,2/2/20,10,0,0,DEU
601,2/2/20,Taiwan,Taiwan,1/31/20,10,0,0,TWN
602,2/2/20,Macau,Macau,2/2/20,8,0,0,MAC
603,2/2/20,,Malaysia,1/31/20,8,0,0,MYS
604,2/2/20,,France,1/2/20,6,0,0,FRA
605,2/2/20,,Vietnam,1/2/20,6,0,1,VNM
606,2/2/20,,United Arab Emirates,2/2/20,5,0,0,ARE
607,2/2/20,New South Wales,Australia,1/2/20,4,0,2,AUS
608,2/2/20,Victoria,Australia,1/2/20,4,0,0,AUS
609,2/2/20,Ontario,Canada,1/2/20,3,0,0,CAN
610,2/2/20,Queensland,Australia,2/2/20,2,0,0,AUS
611,2/2/20,South Australia,Australia,2/2/20,2,0,0,AUS
612,2/2/20,,India,2/2/20,2,0,0,IND
613,2/2/20,,Italy,1/31/20,2,0,0,ITA
614,2/2/20,,Philippines,2/2/20,2,1,0,PHL
615,2/2/20,,Russia,1/31/20,2,0,0,RUS
616,2/2/20,,UK,1/2/20,2,0,0,GBR
617,2/2/20,"Chicago, IL",US,1/2/20,2,0,0,USA
618,2/2/20,"Santa Clara, CA",US,3/2/20,2,0,0,USA
619,2/2/20,,Cambodia,1/31/20,1,0,0,KHM
620,2/2/20,British Columbia,Canada,1/2/20,1,0,0,CAN
621,2/2/20,,Finland,1/31/20,1,0,0,FIN
622,2/2/20,Tibet,Mainland China,1/2/20,1,0,0,CHN
623,2/2/20,,Nepal,1/31/20,1,0,0,NPL
624,2/2/20,,Spain,1/2/20,1,0,0,ESP
625,2/2/20,,Sri Lanka,1/31/20,1,0,0,LKA
626,2/2/20,,Sweden,1/2/20,1,0,0,SWE
627,2/2/20,"Boston, MA",US,1/2/20,1,0,0,USA
628,2/2/20,"Los Angeles, CA",US,1/2/20,1,0,0,USA
629,2/2/20,"Orange, CA",US,1/2/20,1,0,0,USA
630,2/2/20,"Seattle, WA",US,1/2/20,1,0,0,USA
631,2/2/20,"Tempe, AZ",US,1/2/20,1,0,0,USA
632,2/3/20,Hubei,Mainland China,4/2/20,13522,414,396,CHN
633,2/3/20,Zhejiang,Mainland China,4/2/20,829,0,48,CHN
634,2/3/20,Guangdong,Mainland China,4/2/20,797,0,21,CHN
635,2/3/20,Henan,Mainland China,4/2/20,675,2,20,CHN
636,2/3/20,Hunan,Mainland China,4/2/20,593,0,22,CHN
637,2/3/20,Anhui,Mainland China,4/2/20,480,0,14,CHN
638,2/3/20,Jiangxi,Mainland China,4/2/20,476,0,19,CHN
639,2/3/20,Chongqing,Mainland China,3/2/20,337,2,9,CHN
640,2/3/20,Jiangsu,Mainland China,4/2/20,308,0,8,CHN
641,2/3/20,Sichuan,Mainland China,4/2/20,282,1,14,CHN
642,2/3/20,Shandong,Mainland China,4/2/20,270,0,7,CHN
643,2/3/20,Beijing,Mainland China,3/2/20,212,1,12,CHN
644,2/3/20,Shanghai,Mainland China,4/2/20,208,1,10,CHN
645,2/3/20,Fujian,Mainland China,3/2/20,179,0,1,CHN
646,2/3/20,Heilongjiang,Mainland China,4/2/20,155,2,2,CHN
647,2/3/20,Shaanxi,Mainland China,4/2/20,142,0,1,CHN
648,2/3/20,Guangxi,Mainland China,4/2/20,139,0,7,CHN
649,2/3/20,Hebei,Mainland China,4/2/20,126,1,3,CHN
650,2/3/20,Yunnan,Mainland China,3/2/20,117,0,5,CHN
651,2/3/20,Hainan,Mainland China,4/2/20,79,1,4,CHN
652,2/3/20,Liaoning,Mainland China,3/2/20,74,0,1,CHN
653,2/3/20,Shanxi,Mainland China,3/2/20,74,0,2,CHN
654,2/3/20,Tianjin,Mainland China,3/2/20,60,0,1,CHN
655,2/3/20,Guizhou,Mainland China,4/2/20,56,0,2,CHN
656,2/3/20,Gansu,Mainland China,3/2/20,55,0,3,CHN
657,2/3/20,Jilin,Mainland China,4/2/20,42,0,1,CHN
658,2/3/20,Inner Mongolia,Mainland China,3/2/20,34,0,1,CHN
659,2/3/20,Ningxia,Mainland China,4/2/20,34,0,1,CHN
660,2/3/20,Xinjiang,Mainland China,4/2/20,29,0,0,CHN
661,2/3/20,,Japan,1/2/20,20,0,1,JPN
662,2/3/20,,Thailand,1/31/20,19,0,5,THA
663,2/3/20,,Singapore,2/2/20,18,0,0,SGP
664,2/3/20,Hong Kong,Hong Kong,2/2/20,15,0,0,HKG
665,2/3/20,Qinghai,Mainland China,4/2/20,15,0,0,CHN
666,2/3/20,,South Korea,2/2/20,15,0,0,KOR
667,2/3/20,,Germany,3/2/20,12,0,0,DEU
668,2/3/20,Taiwan,Taiwan,1/31/20,10,0,0,TWN
669,2/3/20,Macau,Macau,2/2/20,8,0,0,MAC
670,2/3/20,,Malaysia,1/31/20,8,0,0,MYS
671,2/3/20,,Vietnam,3/2/20,8,0,1,VNM
672,2/3/20,,France,1/2/20,6,0,0,FRA
673,2/3/20,,United Arab Emirates,2/2/20,5,0,0,ARE
674,2/3/20,New South Wales,Australia,1/2/20,4,0,2,AUS
675,2/3/20,Victoria,Australia,1/2/20,4,0,0,AUS
676,2/3/20,,India,3/2/20,3,0,0,IND
677,2/3/20,Queensland,Australia,2/2/20,2,0,0,AUS
678,2/3/20,South Australia,Australia,2/2/20,2,0,0,AUS
679,2/3/20,"Toronto, ON",Canada,4/2/20,2,0,0,CAN
680,2/3/20,,Italy,1/31/20,2,0,0,ITA
681,2/3/20,,Philippines,2/2/20,2,1,0,PHL
682,2/3/20,,Russia,1/31/20,2,0,0,RUS
683,2/3/20,,UK,1/2/20,2,0,0,GBR
684,2/3/20,"Chicago, IL",US,1/2/20,2,0,0,USA
685,2/3/20,"San Benito, CA",US,3/2/20,2,0,0,USA
686,2/3/20,"Santa Clara, CA",US,3/2/20,2,0,0,USA
687,2/3/20,,Cambodia,1/31/20,1,0,0,KHM
688,2/3/20,British Columbia,Canada,1/2/20,1,0,0,CAN
689,2/3/20,"London, ON",Canada,4/2/20,1,0,0,CAN
690,2/3/20,,Finland,1/31/20,1,0,0,FIN
691,2/3/20,Tibet,Mainland China,1/2/20,1,0,0,CHN
692,2/3/20,,Nepal,1/31/20,1,0,0,NPL
693,2/3/20,,Spain,1/2/20,1,0,0,ESP
694,2/3/20,,Sri Lanka,1/31/20,1,0,0,LKA
695,2/3/20,,Sweden,1/2/20,1,0,0,SWE
696,2/3/20,"Boston, MA",US,1/2/20,1,0,0,USA
697,2/3/20,"Los Angeles, CA",US,1/2/20,1,0,0,USA
698,2/3/20,"Orange, CA",US,1/2/20,1,0,0,USA
699,2/3/20,"Seattle, WA",US,1/2/20,1,0,0,USA
700,2/3/20,"Tempe, AZ",US,1/2/20,1,0,0,USA
701,2/4/20,Hubei,Mainland China,4/2/20,16678,479,522,CHN
702,2/4/20,Zhejiang,Mainland China,5/2/20,895,0,63,CHN
703,2/4/20,Guangdong,Mainland China,5/2/20,870,0,32,CHN
704,2/4/20,Henan,Mainland China,5/2/20,764,2,41,CHN
705,2/4/20,Hunan,Mainland China,5/2/20,661,0,35,CHN
706,2/4/20,Jiangxi,Mainland China,5/2/20,548,0,27,CHN
707,2/4/20,Anhui,Mainland China,5/2/20,530,0,20,CHN
708,2/4/20,Chongqing,Mainland China,5/2/20,366,2,14,CHN
709,2/4/20,Jiangsu,Mainland China,5/2/20,341,0,13,CHN
710,2/4/20,Sichuan,Mainland China,5/2/20,301,1,23,CHN
711,2/4/20,Shandong,Mainland China,5/2/20,298,0,13,CHN
712,2/4/20,Shanghai,Mainland China,5/2/20,233,1,12,CHN
713,2/4/20,Beijing,Mainland China,4/2/20,228,1,23,CHN
714,2/4/20,Fujian,Mainland China,4/2/20,194,0,3,CHN
715,2/4/20,Heilongjiang,Mainland China,5/2/20,190,2,4,CHN
716,2/4/20,Shaanxi,Mainland China,5/2/20,165,0,2,CHN
717,2/4/20,Guangxi,Mainland China,5/2/20,150,0,10,CHN
718,2/4/20,Hebei,Mainland China,5/2/20,135,1,4,CHN
719,2/4/20,Yunnan,Mainland China,4/2/20,122,0,5,CHN
720,2/4/20,Hainan,Mainland China,5/2/20,91,1,4,CHN
721,2/4/20,Liaoning,Mainland China,4/2/20,81,0,2,CHN
722,2/4/20,Shanxi,Mainland China,4/2/20,81,0,4,CHN
723,2/4/20,Tianjin,Mainland China,4/2/20,67,0,2,CHN
724,2/4/20,Guizhou,Mainland China,5/2/20,64,0,5,CHN
725,2/4/20,Gansu,Mainland China,4/2/20,57,0,4,CHN
726,2/4/20,Jilin,Mainland China,5/2/20,54,0,1,CHN
727,2/4/20,Inner Mongolia,Mainland China,5/2/20,42,0,1,CHN
728,2/4/20,Ningxia,Mainland China,4/2/20,34,0,1,CHN
729,2/4/20,Xinjiang,Mainland China,5/2/20,32,0,0,CHN
730,2/4/20,,Thailand,4/2/20,25,0,5,THA
731,2/4/20,,Singapore,4/2/20,24,0,0,SGP
732,2/4/20,,Japan,4/2/20,22,0,1,JPN
733,2/4/20,Hong Kong,Hong Kong,5/2/20,18,1,0,HKG
734,2/4/20,Qinghai,Mainland China,5/2/20,17,0,0,CHN
735,2/4/20,,South Korea,4/2/20,16,0,0,KOR
736,2/4/20,,Germany,3/2/20,12,0,0,DEU
737,2/4/20,Taiwan,Taiwan,4/2/20,11,0,0,TWN
738,2/4/20,Macau,Macau,4/2/20,10,0,0,MAC
739,2/4/20,,Malaysia,4/2/20,10,0,0,MYS
740,2/4/20,,Vietnam,3/2/20,8,0,1,VNM
741,2/4/20,,France,1/2/20,6,0,0,FRA
742,2/4/20,,United Arab Emirates,2/2/20,5,0,0,ARE
743,2/4/20,New South Wales,Australia,1/2/20,4,0,2,AUS
744,2/4/20,Victoria,Australia,1/2/20,4,0,0,AUS
745,2/4/20,Queensland,Australia,4/2/20,3,0,0,AUS
746,2/4/20,,India,3/2/20,3,0,0,IND
747,2/4/20,South Australia,Australia,2/2/20,2,0,0,AUS
748,2/4/20,"Toronto, ON",Canada,4/2/20,2,0,0,CAN
749,2/4/20,,Italy,1/31/20,2,0,0,ITA
750,2/4/20,,Philippines,2/2/20,2,1,0,PHL
751,2/4/20,,Russia,1/31/20,2,0,0,RUS
752,2/4/20,,UK,1/2/20,2,0,0,GBR
753,2/4/20,"Chicago, IL",US,1/2/20,2,0,0,USA
754,2/4/20,"San Benito, CA",US,3/2/20,2,0,0,USA
755,2/4/20,"Santa Clara, CA",US,3/2/20,2,0,0,USA
756,2/4/20,,Belgium,4/2/20,1,0,0,BEL
757,2/4/20,,Cambodia,1/31/20,1,0,0,KHM
758,2/4/20,British Columbia,Canada,1/2/20,1,0,0,CAN
759,2/4/20,"London, ON",Canada,4/2/20,1,0,0,CAN
760,2/4/20,,Finland,1/31/20,1,0,0,FIN
761,2/4/20,Tibet,Mainland China,1/2/20,1,0,0,CHN
762,2/4/20,,Nepal,1/31/20,1,0,0,NPL
763,2/4/20,,Spain,1/2/20,1,0,0,ESP
764,2/4/20,,Sri Lanka,1/31/20,1,0,0,LKA
765,2/4/20,,Sweden,1/2/20,1,0,0,SWE
766,2/4/20,"Boston, MA",US,1/2/20,1,0,0,USA
767,2/4/20,"Los Angeles, CA",US,1/2/20,1,0,0,USA
768,2/4/20,"Orange, CA",US,1/2/20,1,0,0,USA
769,2/4/20,"Seattle, WA",US,1/2/20,1,0,0,USA
770,2/4/20,"Tempe, AZ",US,1/2/20,1,0,0,USA
771,2/5/20,Hubei,Mainland China,5/2/20,16678,479,538,CHN
772,2/5/20,Guangdong,Mainland China,5/2/20,895,0,49,CHN
773,2/5/20,Zhejiang,Mainland China,5/2/20,895,0,78,CHN
774,2/5/20,Henan,Mainland China,5/2/20,764,2,47,CHN
775,2/5/20,Hunan,Mainland China,5/2/20,661,0,54,CHN
776,2/5/20,Jiangxi,Mainland China,5/2/20,548,0,27,CHN
777,2/5/20,Anhui,Mainland China,5/2/20,530,0,23,CHN
778,2/5/20,Chongqing,Mainland China,5/2/20,376,2,15,CHN
779,2/5/20,Jiangsu,Mainland China,5/2/20,341,0,23,CHN
780,2/5/20,Shandong,Mainland China,5/2/20,307,0,15,CHN
781,2/5/20,Sichuan,Mainland China,5/2/20,301,1,24,CHN
782,2/5/20,Beijing,Mainland China,5/2/20,253,1,24,CHN
783,2/5/20,Shanghai,Mainland China,5/2/20,243,1,15,CHN
784,2/5/20,Fujian,Mainland China,5/2/20,205,0,11,CHN
785,2/5/20,Heilongjiang,Mainland China,5/2/20,190,2,7,CHN
786,2/5/20,Shaanxi,Mainland China,5/2/20,165,0,6,CHN
787,2/5/20,Guangxi,Mainland China,5/2/20,150,0,13,CHN
788,2/5/20,Hebei,Mainland China,5/2/20,135,1,6,CHN
789,2/5/20,Yunnan,Mainland China,5/2/20,124,0,5,CHN
790,2/5/20,Hainan,Mainland China,5/2/20,99,1,5,CHN
791,2/5/20,Liaoning,Mainland China,5/2/20,89,0,4,CHN
792,2/5/20,Shanxi,Mainland China,5/2/20,81,0,5,CHN
793,2/5/20,Tianjin,Mainland China,5/2/20,69,1,2,CHN
794,2/5/20,Guizhou,Mainland China,5/2/20,64,1,9,CHN
795,2/5/20,Gansu,Mainland China,5/2/20,62,0,6,CHN
796,2/5/20,Jilin,Mainland China,5/2/20,54,0,2,CHN
797,2/5/20,Inner Mongolia,Mainland China,5/2/20,42,0,3,CHN
798,2/5/20,Ningxia,Mainland China,4/2/20,34,0,1,CHN
799,2/5/20,Xinjiang,Mainland China,5/2/20,32,0,0,CHN
800,2/5/20,,Singapore,5/2/20,28,0,0,SGP
801,2/5/20,,Thailand,4/2/20,25,0,5,THA
802,2/5/20,,Japan,4/2/20,22,0,1,JPN
803,2/5/20,Hong Kong,Hong Kong,5/2/20,21,1,0,HKG
804,2/5/20,,South Korea,5/2/20,19,0,0,KOR
805,2/5/20,Qinghai,Mainland China,5/2/20,17,0,3,CHN
806,2/5/20,,Germany,3/2/20,12,0,0,DEU
807,2/5/20,,Malaysia,5/2/20,12,0,0,MYS
808,2/5/20,Taiwan,Taiwan,4/2/20,11,0,0,TWN
809,2/5/20,Macau,Macau,4/2/20,10,0,0,MAC
810,2/5/20,,Vietnam,3/2/20,8,0,1,VNM
811,2/5/20,,France,1/2/20,6,0,0,FRA
812,2/5/20,,United Arab Emirates,2/2/20,5,0,0,ARE
813,2/5/20,New South Wales,Australia,1/2/20,4,0,2,AUS
814,2/5/20,Victoria,Australia,1/2/20,4,0,0,AUS
815,2/5/20,Queensland,Australia,4/2/20,3,0,0,AUS
816,2/5/20,,India,3/2/20,3,0,0,IND
817,2/5/20,South Australia,Australia,2/2/20,2,0,0,AUS
818,2/5/20,"Toronto, ON",Canada,4/2/20,2,0,0,CAN
819,2/5/20,,Italy,1/31/20,2,0,0,ITA
820,2/5/20,,Philippines,2/2/20,2,1,0,PHL
821,2/5/20,,Russia,1/31/20,2,0,0,RUS
822,2/5/20,,UK,1/2/20,2,0,0,GBR
823,2/5/20,"Chicago, IL",US,1/2/20,2,0,0,USA
824,2/5/20,"San Benito, CA",US,3/2/20,2,0,0,USA
825,2/5/20,"Santa Clara, CA",US,3/2/20,2,0,0,USA
826,2/5/20,,Belgium,4/2/20,1,0,0,BEL
827,2/5/20,,Cambodia,1/31/20,1,0,0,KHM
828,2/5/20,British Columbia,Canada,1/2/20,1,0,0,CAN
829,2/5/20,"London, ON",Canada,4/2/20,1,0,0,CAN
830,2/5/20,,Finland,1/31/20,1,0,0,FIN
831,2/5/20,Tibet,Mainland China,1/2/20,1,0,0,CHN
832,2/5/20,,Nepal,1/31/20,1,0,0,NPL
833,2/5/20,,Spain,1/2/20,1,0,0,ESP
834,2/5/20,,Sri Lanka,1/31/20,1,0,0,LKA
835,2/5/20,,Sweden,1/2/20,1,0,0,SWE
836,2/5/20,"Boston, MA",US,1/2/20,1,0,0,USA
837,2/5/20,"Los Angeles, CA",US,1/2/20,1,0,0,USA
838,2/5/20,"Orange, CA",US,1/2/20,1,0,0,USA
839,2/5/20,"Seattle, WA",US,1/2/20,1,0,0,USA
840,2/5/20,"Tempe, AZ",US,1/2/20,1,0,0,USA
841,2/6/20,Hubei,Mainland China,6/2/20,22112,618,817,CHN
842,2/6/20,Guangdong,Mainland China,6/2/20,970,0,69,CHN
843,2/6/20,Zhejiang,Mainland China,6/2/20,954,0,94,CHN
844,2/6/20,Henan,Mainland China,6/2/20,851,2,56,CHN
845,2/6/20,Hunan,Mainland China,6/2/20,711,0,81,CHN
846,2/6/20,Jiangxi,Mainland China,6/2/20,600,0,37,CHN
847,2/6/20,Anhui,Mainland China,6/2/20,591,0,34,CHN
848,2/6/20,Chongqing,Mainland China,6/2/20,400,2,24,CHN
849,2/6/20,Jiangsu,Mainland China,6/2/20,373,0,34,CHN
850,2/6/20,Shandong,Mainland China,6/2/20,347,0,27,CHN
851,2/6/20,Sichuan,Mainland China,6/2/20,321,1,31,CHN
852,2/6/20,Beijing,Mainland China,6/2/20,274,1,31,CHN
853,2/6/20,Shanghai,Mainland China,6/2/20,257,1,25,CHN
854,2/6/20,Heilongjiang,Mainland China,6/2/20,227,3,8,CHN
855,2/6/20,Fujian,Mainland China,6/2/20,215,0,14,CHN
856,2/6/20,Shaanxi,Mainland China,6/2/20,173,0,9,CHN
857,2/6/20,Guangxi,Mainland China,6/2/20,168,0,14,CHN
858,2/6/20,Hebei,Mainland China,6/2/20,157,1,13,CHN
859,2/6/20,Yunnan,Mainland China,6/2/20,133,0,7,CHN
860,2/6/20,Hainan,Mainland China,6/2/20,106,1,8,CHN
861,2/6/20,Shanxi,Mainland China,6/2/20,96,0,12,CHN
862,2/6/20,Liaoning,Mainland China,6/2/20,94,0,5,CHN
863,2/6/20,Tianjin,Mainland China,6/2/20,78,1,2,CHN
864,2/6/20,Guizhou,Mainland China,6/2/20,71,1,6,CHN
865,2/6/20,Gansu,Mainland China,5/2/20,62,0,6,CHN
866,2/6/20,Jilin,Mainland China,6/2/20,59,0,4,CHN
867,2/6/20,Inner Mongolia,Mainland China,6/2/20,46,0,4,CHN
868,2/6/20,,Japan,6/2/20,45,0,1,JPN
869,2/6/20,Ningxia,Mainland China,6/2/20,40,0,1,CHN
870,2/6/20,Xinjiang,Mainland China,6/2/20,36,0,0,CHN
871,2/6/20,,Singapore,5/2/20,28,0,0,SGP
872,2/6/20,,Thailand,4/2/20,25,0,5,THA
873,2/6/20,Hong Kong,Hong Kong,6/2/20,24,1,0,HKG
874,2/6/20,,South Korea,6/2/20,23,0,0,KOR
875,2/6/20,Qinghai,Mainland China,6/2/20,18,0,3,CHN
876,2/6/20,Taiwan,Taiwan,6/2/20,16,0,1,TWN
877,2/6/20,,Germany,3/2/20,12,0,0,DEU
878,2/6/20,,Malaysia,5/2/20,12,0,0,MYS
879,2/6/20,Macau,Macau,6/2/20,10,0,1,MAC
880,2/6/20,,Vietnam,6/2/20,10,0,1,VNM
881,2/6/20,,France,1/2/20,6,0,0,FRA
882,2/6/20,,United Arab Emirates,2/2/20,5,0,0,ARE
883,2/6/20,New South Wales,Australia,6/2/20,4,0,2,AUS
884,2/6/20,Queensland,Australia,6/2/20,4,0,0,AUS
885,2/6/20,Victoria,Australia,1/2/20,4,0,0,AUS
886,2/6/20,,India,3/2/20,3,0,0,IND
887,2/6/20,South Australia,Australia,2/2/20,2,0,0,AUS
888,2/6/20,British Columbia,Canada,5/2/20,2,0,0,CAN
889,2/6/20,"Toronto, ON",Canada,4/2/20,2,0,0,CAN
890,2/6/20,,Italy,1/31/20,2,0,0,ITA
891,2/6/20,,Philippines,2/2/20,2,1,0,PHL
892,2/6/20,,Russia,1/31/20,2,0,0,RUS
893,2/6/20,,UK,1/2/20,2,0,0,GBR
894,2/6/20,"Chicago, IL",US,1/2/20,2,0,0,USA
895,2/6/20,"San Benito, CA",US,3/2/20,2,0,0,USA
896,2/6/20,"Santa Clara, CA",US,3/2/20,2,0,0,USA
897,2/6/20,,Belgium,4/2/20,1,0,0,BEL
898,2/6/20,,Cambodia,1/31/20,1,0,0,KHM
899,2/6/20,"London, ON",Canada,4/2/20,1,0,0,CAN
900,2/6/20,,Finland,1/31/20,1,0,0,FIN
901,2/6/20,Tibet,Mainland China,1/2/20,1,0,0,CHN
902,2/6/20,,Nepal,1/31/20,1,0,0,NPL
903,2/6/20,,Spain,1/2/20,1,0,0,ESP
904,2/6/20,,Sri Lanka,1/31/20,1,0,0,LKA
905,2/6/20,,Sweden,1/2/20,1,0,0,SWE
906,2/6/20,"Boston, MA",US,1/2/20,1,0,0,USA
907,2/6/20,"Los Angeles, CA",US,1/2/20,1,0,0,USA
908,2/6/20,"Madison, WI",US,5/2/20,1,0,0,USA
909,2/6/20,"Orange, CA",US,1/2/20,1,0,0,USA
910,2/6/20,"Seattle, WA",US,1/2/20,1,0,0,USA
911,2/6/20,"Tempe, AZ",US,1/2/20,1,0,0,USA
912,2/7/20,Hubei,Mainland China,7/2/20,22112,618,867,CHN
913,2/7/20,Guangdong,Mainland China,7/2/20,1034,1,88,CHN
914,2/7/20,Zhejiang,Mainland China,7/2/20,1006,0,123,CHN
915,2/7/20,Henan,Mainland China,7/2/20,914,3,86,CHN
916,2/7/20,Hunan,Mainland China,7/2/20,772,0,112,CHN
917,2/7/20,Anhui,Mainland China,7/2/20,665,0,47,CHN
918,2/7/20,Jiangxi,Mainland China,7/2/20,661,0,45,CHN
919,2/7/20,Chongqing,Mainland China,7/2/20,415,2,31,CHN
920,2/7/20,Jiangsu,Mainland China,7/2/20,408,0,43,CHN
921,2/7/20,Shandong,Mainland China,7/2/20,386,0,37,CHN
922,2/7/20,Sichuan,Mainland China,7/2/20,344,1,42,CHN
923,2/7/20,Beijing,Mainland China,7/2/20,297,1,33,CHN
924,2/7/20,Heilongjiang,Mainland China,7/2/20,277,3,12,CHN
925,2/7/20,Shanghai,Mainland China,7/2/20,277,1,30,CHN
926,2/7/20,Fujian,Mainland China,7/2/20,224,0,20,CHN
927,2/7/20,Shaanxi,Mainland China,7/2/20,184,0,17,CHN
928,2/7/20,Guangxi,Mainland China,7/2/20,172,0,17,CHN
929,2/7/20,Hebei,Mainland China,7/2/20,172,1,22,CHN
930,2/7/20,Yunnan,Mainland China,7/2/20,138,0,12,CHN
931,2/7/20,Hainan,Mainland China,7/2/20,117,2,10,CHN
932,2/7/20,Liaoning,Mainland China,7/2/20,99,0,7,CHN
933,2/7/20,Shanxi,Mainland China,7/2/20,96,0,15,CHN
934,2/7/20,Guizhou,Mainland China,7/2/20,81,1,6,CHN
935,2/7/20,Tianjin,Mainland China,7/2/20,81,1,2,CHN
936,2/7/20,Gansu,Mainland China,7/2/20,67,0,9,CHN
937,2/7/20,Jilin,Mainland China,7/2/20,65,1,4,CHN
938,2/7/20,Cruise Ship,Others,7/2/20,61,0,0,
939,2/7/20,Inner Mongolia,Mainland China,7/2/20,50,0,5,CHN
940,2/7/20,Ningxia,Mainland China,7/2/20,43,0,5,CHN
941,2/7/20,Xinjiang,Mainland China,7/2/20,39,0,0,CHN
942,2/7/20,,Singapore,7/2/20,30,0,0,SGP
943,2/7/20,Hong Kong,Hong Kong,7/2/20,25,1,0,HKG
944,2/7/20,,Japan,7/2/20,25,0,1,JPN
945,2/7/20,,Thailand,4/2/20,25,0,5,THA
946,2/7/20,,South Korea,7/2/20,24,0,1,KOR
947,2/7/20,Qinghai,Mainland China,6/2/20,18,0,3,CHN
948,2/7/20,Taiwan,Taiwan,6/2/20,16,0,1,TWN
949,2/7/20,,Germany,7/2/20,13,0,0,DEU
950,2/7/20,,Malaysia,7/2/20,12,0,1,MYS
951,2/7/20,Macau,Macau,6/2/20,10,0,1,MAC
952,2/7/20,,Vietnam,6/2/20,10,0,1,VNM
953,2/7/20,,France,1/2/20,6,0,0,FRA
954,2/7/20,Queensland,Australia,7/2/20,5,0,0,AUS
955,2/7/20,,United Arab Emirates,2/2/20,5,0,0,ARE
956,2/7/20,New South Wales,Australia,6/2/20,4,0,2,AUS
957,2/7/20,Victoria,Australia,1/2/20,4,0,0,AUS
958,2/7/20,British Columbia,Canada,7/2/20,4,0,0,CAN
959,2/7/20,,India,3/2/20,3,0,0,IND
960,2/7/20,,Italy,7/2/20,3,0,0,ITA
961,2/7/20,,Philippines,7/2/20,3,1,0,PHL
962,2/7/20,,UK,7/2/20,3,0,0,GBR
963,2/7/20,South Australia,Australia,2/2/20,2,0,0,AUS
964,2/7/20,"Toronto, ON",Canada,4/2/20,2,0,0,CAN
965,2/7/20,,Russia,1/31/20,2,0,0,RUS
966,2/7/20,"Chicago, IL",US,1/2/20,2,0,0,USA
967,2/7/20,"San Benito, CA",US,3/2/20,2,0,0,USA
968,2/7/20,"Santa Clara, CA",US,3/2/20,2,0,0,USA
969,2/7/20,,Belgium,4/2/20,1,0,0,BEL
970,2/7/20,,Cambodia,1/31/20,1,0,0,KHM
971,2/7/20,"London, ON",Canada,4/2/20,1,0,0,CAN
972,2/7/20,,Finland,1/31/20,1,0,0,FIN
973,2/7/20,Tibet,Mainland China,1/2/20,1,0,0,CHN
974,2/7/20,,Nepal,1/31/20,1,0,0,NPL
975,2/7/20,,Spain,1/2/20,1,0,0,ESP
976,2/7/20,,Sri Lanka,1/31/20,1,0,0,LKA
977,2/7/20,,Sweden,1/2/20,1,0,0,SWE
978,2/7/20,"Boston, MA",US,1/2/20,1,0,0,USA
979,2/7/20,"Los Angeles, CA",US,1/2/20,1,0,0,USA
980,2/7/20,"Madison, WI",US,5/2/20,1,0,0,USA
981,2/7/20,"Orange, CA",US,1/2/20,1,0,0,USA
982,2/7/20,"Seattle, WA",US,1/2/20,1,0,0,USA
983,2/7/20,"Tempe, AZ",US,1/2/20,1,0,0,USA
984,2/8/20,Hubei,Mainland China,9/2/20,27100,780,1440,CHN
985,2/8/20,Guangdong,Mainland China,9/2/20,1120,1,125,CHN
986,2/8/20,Zhejiang,Mainland China,9/2/20,1075,0,185,CHN
987,2/8/20,Henan,Mainland China,9/2/20,1033,6,131,CHN
988,2/8/20,Hunan,Mainland China,9/2/20,838,1,159,CHN
989,2/8/20,Anhui,Mainland China,9/2/20,779,1,59,CHN
990,2/8/20,Jiangxi,Mainland China,9/2/20,740,0,72,CHN
991,2/8/20,Jiangsu,Mainland China,9/2/20,468,0,58,CHN
992,2/8/20,Chongqing,Mainland China,9/2/20,446,2,39,CHN
993,2/8/20,Shandong,Mainland China,9/2/20,435,1,50,CHN
994,2/8/20,Sichuan,Mainland China,9/2/20,386,1,60,CHN
995,2/8/20,Beijing,Mainland China,9/2/20,326,2,37,CHN
996,2/8/20,Heilongjiang,Mainland China,9/2/20,307,6,13,CHN
997,2/8/20,Shanghai,Mainland China,9/2/20,292,1,41,CHN
998,2/8/20,Fujian,Mainland China,9/2/20,250,0,26,CHN
999,2/8/20,Shaanxi,Mainland China,9/2/20,208,0,25,CHN
1000,2/8/20,Hebei,Mainland China,9/2/20,206,2,30,CHN
1001,2/8/20,Guangxi,Mainland China,9/2/20,195,1,18,CHN
1002,2/8/20,Yunnan,Mainland China,9/2/20,140,0,17,CHN
1003,2/8/20,Hainan,Mainland China,9/2/20,128,2,15,CHN
1004,2/8/20,Shanxi,Mainland China,8/2/20,115,0,21,CHN
1005,2/8/20,Liaoning,Mainland China,8/2/20,105,0,8,CHN
1006,2/8/20,Guizhou,Mainland China,9/2/20,96,1,7,CHN
1007,2/8/20,Tianjin,Mainland China,9/2/20,90,1,4,CHN
1008,2/8/20,Gansu,Mainland China,8/2/20,79,1,12,CHN
1009,2/8/20,Jilin,Mainland China,9/2/20,78,1,5,CHN
1010,2/8/20,Cruise Ship,Others,7/2/20,61,0,0,
1011,2/8/20,Inner Mongolia,Mainland China,9/2/20,54,0,5,CHN
1012,2/8/20,Ningxia,Mainland China,9/2/20,45,0,13,CHN
1013,2/8/20,Xinjiang,Mainland China,9/2/20,45,0,0,CHN
1014,2/8/20,,Singapore,9/2/20,40,0,2,SGP
1015,2/8/20,,Thailand,8/2/20,32,0,10,THA
1016,2/8/20,Hong Kong,Hong Kong,8/2/20,26,1,0,HKG
1017,2/8/20,,Japan,7/2/20,25,0,1,JPN
1018,2/8/20,,South Korea,9/2/20,25,0,3,KOR
1019,2/8/20,Qinghai,Mainland China,6/2/20,18,0,3,CHN
1020,2/8/20,Taiwan,Taiwan,8/2/20,17,0,1,TWN
1021,2/8/20,,Malaysia,8/2/20,16,0,1,MYS
1022,2/8/20,,Germany,7/2/20,13,0,0,DEU
1023,2/8/20,,Vietnam,8/2/20,13,0,1,VNM
1024,2/8/20,,France,8/2/20,11,0,0,FRA
1025,2/8/20,Macau,Macau,6/2/20,10,0,1,MAC
1026,2/8/20,,United Arab Emirates,8/2/20,7,0,0,ARE
1027,2/8/20,Queensland,Australia,7/2/20,5,0,0,AUS
1028,2/8/20,New South Wales,Australia,6/2/20,4,0,2,AUS
1029,2/8/20,Victoria,Australia,1/2/20,4,0,0,AUS
1030,2/8/20,British Columbia,Canada,7/2/20,4,0,0,CAN
1031,2/8/20,,India,3/2/20,3,0,0,IND
1032,2/8/20,,Italy,7/2/20,3,0,0,ITA
1033,2/8/20,,Philippines,7/2/20,3,1,0,PHL
1034,2/8/20,,UK,7/2/20,3,0,0,GBR
1035,2/8/20,South Australia,Australia,2/2/20,2,0,0,AUS
1036,2/8/20,"Toronto, ON",Canada,4/2/20,2,0,0,CAN
1037,2/8/20,,Russia,1/31/20,2,0,0,RUS
1038,2/8/20,"Chicago, IL",US,1/2/20,2,0,0,USA
1039,2/8/20,"San Benito, CA",US,3/2/20,2,0,0,USA
1040,2/8/20,"Santa Clara, CA",US,3/2/20,2,0,0,USA
1041,2/8/20,,Belgium,4/2/20,1,0,0,BEL
1042,2/8/20,,Cambodia,1/31/20,1,0,0,KHM
1043,2/8/20,"London, ON",Canada,4/2/20,1,0,0,CAN
1044,2/8/20,,Finland,1/31/20,1,0,0,FIN
1045,2/8/20,Tibet,Mainland China,1/2/20,1,0,0,CHN
1046,2/8/20,,Nepal,1/31/20,1,0,0,NPL
1047,2/8/20,,Spain,1/2/20,1,0,0,ESP
1048,2/8/20,,Sri Lanka,8/2/20,1,0,1,LKA
1049,2/8/20,,Sweden,1/2/20,1,0,0,SWE
1050,2/8/20,"Boston, MA",US,1/2/20,1,0,0,USA
1051,2/8/20,"Los Angeles, CA",US,1/2/20,1,0,0,USA
1052,2/8/20,"Madison, WI",US,5/2/20,1,0,0,USA
1053,2/8/20,"Orange, CA",US,1/2/20,1,0,0,USA
1054,2/8/20,"Seattle, WA",US,1/2/20,1,0,0,USA
1055,2/8/20,"Tempe, AZ",US,1/2/20,1,0,0,USA
1056,2/9/20,Hubei,Mainland China,2/9/20,29631,871,1795,CHN
1057,2/9/20,Guangdong,Mainland China,2/10/20,1151,1,147,CHN
1058,2/9/20,Zhejiang,Mainland China,2/10/20,1092,0,201,CHN
1059,2/9/20,Henan,Mainland China,2/10/20,1073,6,169,CHN
1060,2/9/20,Hunan,Mainland China,2/10/20,879,1,186,CHN
1061,2/9/20,Anhui,Mainland China,2/10/20,830,3,73,CHN
1062,2/9/20,Jiangxi,Mainland China,2/10/20,771,1,102,CHN
1063,2/9/20,Jiangsu,Mainland China,2/10/20,492,0,72,CHN
1064,2/9/20,Chongqing,Mainland China,2/9/20,468,2,51,CHN
1065,2/9/20,Shandong,Mainland China,2/10/20,459,1,63,CHN
1066,2/9/20,Sichuan,Mainland China,2/10/20,405,1,76,CHN
1067,2/9/20,Beijing,Mainland China,2/10/20,337,2,44,CHN
1068,2/9/20,Heilongjiang,Mainland China,2/10/20,331,7,15,CHN
1069,2/9/20,Shanghai,Mainland China,2/10/20,295,1,44,CHN
1070,2/9/20,Fujian,Mainland China,2/10/20,261,0,35,CHN
1071,2/9/20,Hebei,Mainland China,2/10/20,218,2,35,CHN
1072,2/9/20,Shaanxi,Mainland China,2/10/20,213,0,26,CHN
1073,2/9/20,Guangxi,Mainland China,2/10/20,210,1,18,CHN
1074,2/9/20,Yunnan,Mainland China,2/9/20,141,0,18,CHN
1075,2/9/20,Hainan,Mainland China,2/10/20,136,3,19,CHN
1076,2/9/20,Shanxi,Mainland China,2/9/20,119,0,25,CHN
1077,2/9/20,Guizhou,Mainland China,2/10/20,109,1,7,CHN
1078,2/9/20,Liaoning,Mainland China,2/9/20,107,0,12,CHN
1079,2/9/20,Tianjin,Mainland China,2/10/20,94,1,4,CHN
1080,2/9/20,Gansu,Mainland China,2/9/20,83,2,16,CHN
1081,2/9/20,Jilin,Mainland China,2/10/20,80,1,12,CHN
1082,2/9/20,Diamond Princess cruise ship,Others,2/9/20,64,0,0,
1083,2/9/20,Inner Mongolia,Mainland China,2/10/20,58,0,5,CHN
1084,2/9/20,Ningxia,Mainland China,2/10/20,49,0,13,CHN
1085,2/9/20,Xinjiang,Mainland China,2/10/20,49,0,0,CHN
1086,2/9/20,,Singapore,2/10/20,43,0,2,SGP
1087,2/9/20,Hong Kong,Hong Kong,2/10/20,36,1,0,HKG
1088,2/9/20,,Thailand,2/8/20,32,0,10,THA
1089,2/9/20,,South Korea,2/10/20,27,0,3,KOR
1090,2/9/20,,Japan,2/9/20,26,0,1,JPN
1091,2/9/20,Qinghai,Mainland China,2/6/20,18,0,3,CHN
1092,2/9/20,,Malaysia,2/10/20,18,0,1,MYS
1093,2/9/20,Taiwan,Taiwan,2/9/20,18,0,1,TWN
1094,2/9/20,,Germany,2/9/20,14,0,0,DEU
1095,2/9/20,,Vietnam,2/10/20,14,0,1,VNM
1096,2/9/20,,France,2/8/20,11,0,0,FRA
1097,2/9/20,Macau,Macau,2/6/20,10,0,1,MAC
1098,2/9/20,,United Arab Emirates,2/8/20,7,0,0,ARE
1099,2/9/20,Queensland,Australia,2/9/20,5,0,0,AUS
1100,2/9/20,New South Wales,Australia,2/6/20,4,0,2,AUS
1101,2/9/20,Victoria,Australia,2/1/20,4,0,0,AUS
1102,2/9/20,British Columbia,Canada,2/7/20,4,0,0,CAN
1103,2/9/20,,India,2/3/20,3,0,0,IND
1104,2/9/20,,Italy,2/7/20,3,0,0,ITA
1105,2/9/20,,Philippines,2/7/20,3,1,0,PHL
1106,2/9/20,,UK,2/7/20,3,0,0,GBR
1107,2/9/20,South Australia,Australia,2/2/20,2,0,0,AUS
1108,2/9/20,"Toronto, ON",Canada,2/4/20,2,0,0,CAN
1109,2/9/20,,Russia,1/31/20,2,0,0,RUS
1110,2/9/20,,Spain,2/9/20,2,0,0,ESP
1111,2/9/20,"Chicago, IL",US,2/9/20,2,0,2,USA
1112,2/9/20,"San Benito, CA",US,2/3/20,2,0,0,USA
1113,2/9/20,"Santa Clara, CA",US,2/3/20,2,0,0,USA
1114,2/9/20,,Belgium,2/4/20,1,0,0,BEL
1115,2/9/20,,Cambodia,1/31/20,1,0,0,KHM
1116,2/9/20,"London, ON",Canada,2/4/20,1,0,0,CAN
1117,2/9/20,,Finland,1/31/20,1,0,0,FIN
1118,2/9/20,Tibet,Mainland China,2/1/20,1,0,0,CHN
1119,2/9/20,,Nepal,1/31/20,1,0,0,NPL
1120,2/9/20,,Sri Lanka,2/8/20,1,0,1,LKA
1121,2/9/20,,Sweden,2/1/20,1,0,0,SWE
1122,2/9/20,"Boston, MA",US,2/1/20,1,0,0,USA
1123,2/9/20,"Los Angeles, CA",US,2/1/20,1,0,0,USA
1124,2/9/20,"Madison, WI",US,2/5/20,1,0,0,USA
1125,2/9/20,"Orange, CA",US,2/1/20,1,0,0,USA
1126,2/9/20,"Seattle, WA",US,2/9/20,1,0,1,USA
1127,2/9/20,"Tempe, AZ",US,2/1/20,1,0,0,USA
1128,2/10/20,Hubei,Mainland China,2/10/20,31728,974,2222,CHN
1129,2/10/20,Guangdong,Mainland China,2/10/20,1159,1,167,CHN
1130,2/10/20,Zhejiang,Mainland China,2/10/20,1092,0,242,CHN
1131,2/10/20,Henan,Mainland China,2/10/20,1073,6,191,CHN
1132,2/10/20,Hunan,Mainland China,2/10/20,879,1,208,CHN
1133,2/10/20,Anhui,Mainland China,2/10/20,830,3,88,CHN
1134,2/10/20,Jiangxi,Mainland China,2/10/20,771,1,105,CHN
1135,2/10/20,Jiangsu,Mainland China,2/10/20,492,0,81,CHN
1136,2/10/20,Chongqing,Mainland China,2/10/20,486,2,66,CHN
1137,2/10/20,Shandong,Mainland China,2/10/20,466,1,66,CHN
1138,2/10/20,Sichuan,Mainland China,2/10/20,405,1,80,CHN
1139,2/10/20,Beijing,Mainland China,2/10/20,337,2,44,CHN
1140,2/10/20,Heilongjiang,Mainland China,2/10/20,331,7,30,CHN
1141,2/10/20,Shanghai,Mainland China,2/10/20,299,1,48,CHN
1142,2/10/20,Fujian,Mainland China,2/10/20,261,0,39,CHN
1143,2/10/20,Hebei,Mainland China,2/10/20,218,2,41,CHN
1144,2/10/20,Shaanxi,Mainland China,2/10/20,213,0,30,CHN
1145,2/10/20,Guangxi,Mainland China,2/10/20,210,1,24,CHN
1146,2/10/20,Yunnan,Mainland China,2/10/20,149,0,19,CHN
1147,2/10/20,Hainan,Mainland China,2/10/20,138,3,19,CHN
1148,2/10/20,Diamond Princess cruise ship,Others,2/10/20,135,0,0,
1149,2/10/20,Shanxi,Mainland China,2/9/20,119,0,25,CHN
1150,2/10/20,Guizhou,Mainland China,2/10/20,109,1,10,CHN
1151,2/10/20,Liaoning,Mainland China,2/10/20,108,0,13,CHN
1152,2/10/20,Tianjin,Mainland China,2/10/20,95,1,8,CHN
1153,2/10/20,Gansu,Mainland China,2/11/20,86,2,21,CHN
1154,2/10/20,Jilin,Mainland China,2/11/20,81,1,13,CHN
1155,2/10/20,Inner Mongolia,Mainland China,2/10/20,58,0,5,CHN
1156,2/10/20,Ningxia,Mainland China,2/10/20,49,0,13,CHN
1157,2/10/20,Xinjiang,Mainland China,2/10/20,49,0,0,CHN
1158,2/10/20,,Singapore,2/10/20,45,0,2,SGP
1159,2/10/20,Hong Kong,Hong Kong,2/10/20,38,1,0,HKG
1160,2/10/20,,Thailand,2/8/20,32,0,10,THA
1161,2/10/20,,South Korea,2/10/20,27,0,3,KOR
1162,2/10/20,,Japan,2/10/20,26,0,4,JPN
1163,2/10/20,Qinghai,Mainland China,2/6/20,18,0,3,CHN
1164,2/10/20,,Malaysia,2/10/20,18,0,1,MYS
1165,2/10/20,Taiwan,Taiwan,2/9/20,18,0,1,TWN
1166,2/10/20,,Germany,2/9/20,14,0,0,DEU
1167,2/10/20,,Vietnam,2/10/20,14,0,1,VNM
1168,2/10/20,,France,2/8/20,11,0,0,FRA
1169,2/10/20,Macau,Macau,2/6/20,10,0,1,MAC
1170,2/10/20,,UK,2/10/20,8,0,0,GBR
1171,2/10/20,,United Arab Emirates,2/10/20,8,0,0,ARE
1172,2/10/20,Queensland,Australia,2/9/20,5,0,0,AUS
1173,2/10/20,New South Wales,Australia,2/6/20,4,0,2,AUS
1174,2/10/20,Victoria,Australia,2/1/20,4,0,0,AUS
1175,2/10/20,British Columbia,Canada,2/7/20,4,0,0,CAN
1176,2/10/20,,India,2/3/20,3,0,0,IND
1177,2/10/20,,Italy,2/7/20,3,0,0,ITA
1178,2/10/20,,Philippines,2/7/20,3,1,0,PHL
1179,2/10/20,South Australia,Australia,2/2/20,2,0,0,AUS
1180,2/10/20,"Toronto, ON",Canada,2/4/20,2,0,0,CAN
1181,2/10/20,,Russia,1/31/20,2,0,0,RUS
1182,2/10/20,,Spain,2/9/20,2,0,0,ESP
1183,2/10/20,"Chicago, IL",US,2/9/20,2,0,2,USA
1184,2/10/20,"San Benito, CA",US,2/3/20,2,0,0,USA
1185,2/10/20,"Santa Clara, CA",US,2/3/20,2,0,0,USA
1186,2/10/20,,Belgium,2/4/20,1,0,0,BEL
1187,2/10/20,,Cambodia,1/31/20,1,0,0,KHM
1188,2/10/20,"London, ON",Canada,2/4/20,1,0,0,CAN
1189,2/10/20,,Finland,1/31/20,1,0,0,FIN
1190,2/10/20,Tibet,Mainland China,2/1/20,1,0,0,CHN
1191,2/10/20,,Nepal,1/31/20,1,0,0,NPL
1192,2/10/20,,Sri Lanka,2/8/20,1,0,1,LKA
1193,2/10/20,,Sweden,2/1/20,1,0,0,SWE
1194,2/10/20,"Boston, MA",US,2/1/20,1,0,0,USA
1195,2/10/20,"Los Angeles, CA",US,2/1/20,1,0,0,USA
1196,2/10/20,"Madison, WI",US,2/5/20,1,0,0,USA
1197,2/10/20,"Orange, CA",US,2/1/20,1,0,0,USA
1198,2/10/20,"Seattle, WA",US,2/9/20,1,0,1,USA
1199,2/10/20,"Tempe, AZ",US,2/1/20,1,0,0,USA
1200,2/11/20,Hubei,Mainland China,2/11/20,33366,1068,2639,CHN
1201,2/11/20,Guangdong,Mainland China,2/12/20,1219,1,241,CHN
1202,2/11/20,Henan,Mainland China,2/12/20,1135,8,231,CHN
1203,2/11/20,Zhejiang,Mainland China,2/12/20,1131,0,279,CHN
1204,2/11/20,Hunan,Mainland China,2/12/20,946,2,263,CHN
1205,2/11/20,Anhui,Mainland China,2/12/20,889,4,108,CHN
1206,2/11/20,Jiangxi,Mainland China,2/12/20,844,1,152,CHN
1207,2/11/20,Jiangsu,Mainland China,2/12/20,543,0,94,CHN
1208,2/11/20,Chongqing,Mainland China,2/11/20,505,3,79,CHN
1209,2/11/20,Shandong,Mainland China,2/12/20,497,1,80,CHN
1210,2/11/20,Sichuan,Mainland China,2/12/20,436,1,85,CHN
1211,2/11/20,Heilongjiang,Mainland China,2/12/20,378,8,28,CHN
1212,2/11/20,Beijing,Mainland China,2/11/20,342,3,48,CHN
1213,2/11/20,Shanghai,Mainland China,2/12/20,306,1,53,CHN
1214,2/11/20,Fujian,Mainland China,2/12/20,272,0,46,CHN
1215,2/11/20,Hebei,Mainland China,2/12/20,251,2,48,CHN
1216,2/11/20,Guangxi,Mainland China,2/12/20,222,1,31,CHN
1217,2/11/20,Shaanxi,Mainland China,2/11/20,219,0,32,CHN
1218,2/11/20,Yunnan,Mainland China,2/12/20,154,0,20,CHN
1219,2/11/20,Hainan,Mainland China,2/12/20,151,3,20,CHN
1220,2/11/20,Diamond Princess cruise ship,Others,2/10/20,135,0,0,
1221,2/11/20,Guizhou,Mainland China,2/12/20,131,1,17,CHN
1222,2/11/20,Shanxi,Mainland China,2/11/20,124,0,30,CHN
1223,2/11/20,Liaoning,Mainland China,2/12/20,116,0,19,CHN
1224,2/11/20,Tianjin,Mainland China,2/11/20,106,2,10,CHN
1225,2/11/20,Gansu,Mainland China,2/11/20,86,2,24,CHN
1226,2/11/20,Jilin,Mainland China,2/12/20,83,1,18,CHN
1227,2/11/20,Xinjiang,Mainland China,2/12/20,59,0,3,CHN
1228,2/11/20,Inner Mongolia,Mainland China,2/10/20,58,0,5,CHN
1229,2/11/20,Ningxia,Mainland China,2/11/20,53,0,22,CHN
1230,2/11/20,Hong Kong,Hong Kong,2/11/20,49,1,0,HKG
1231,2/11/20,,Singapore,2/11/20,47,0,9,SGP
1232,2/11/20,,Thailand,2/11/20,33,0,10,THA
1233,2/11/20,,South Korea,2/12/20,28,0,4,KOR
1234,2/11/20,,Japan,2/11/20,26,0,9,JPN
1235,2/11/20,Qinghai,Mainland China,2/11/20,18,0,5,CHN
1236,2/11/20,,Malaysia,2/11/20,18,0,3,MYS
1237,2/11/20,Taiwan,Taiwan,2/9/20,18,0,1,TWN
1238,2/11/20,,Germany,2/11/20,16,0,0,DEU
1239,2/11/20,,Vietnam,2/11/20,15,0,6,VNM
1240,2/11/20,,France,2/8/20,11,0,0,FRA
1241,2/11/20,Macau,Macau,2/6/20,10,0,1,MAC
1242,2/11/20,,UK,2/10/20,8,0,0,GBR
1243,2/11/20,,United Arab Emirates,2/12/20,8,0,1,ARE
1244,2/11/20,Queensland,Australia,2/9/20,5,0,0,AUS
1245,2/11/20,New South Wales,Australia,2/6/20,4,0,2,AUS
1246,2/11/20,Victoria,Australia,2/1/20,4,0,0,AUS
1247,2/11/20,British Columbia,Canada,2/7/20,4,0,0,CAN
1248,2/11/20,,India,2/3/20,3,0,0,IND
1249,2/11/20,,Italy,2/7/20,3,0,0,ITA
1250,2/11/20,,Philippines,2/7/20,3,1,0,PHL
1251,2/11/20,South Australia,Australia,2/2/20,2,0,0,AUS
1252,2/11/20,"Toronto, ON",Canada,2/4/20,2,0,0,CAN
1253,2/11/20,,Russia,1/31/20,2,0,0,RUS
1254,2/11/20,,Spain,2/9/20,2,0,0,ESP
1255,2/11/20,"Chicago, IL",US,2/9/20,2,0,2,USA
1256,2/11/20,"San Benito, CA",US,2/3/20,2,0,0,USA
1257,2/11/20,"Santa Clara, CA",US,2/3/20,2,0,0,USA
1258,2/11/20,,Belgium,2/4/20,1,0,0,BEL
1259,2/11/20,,Cambodia,1/31/20,1,0,0,KHM
1260,2/11/20,"London, ON",Canada,2/4/20,1,0,0,CAN
1261,2/11/20,,Finland,2/12/20,1,0,1,FIN
1262,2/11/20,Tibet,Mainland China,2/1/20,1,0,0,CHN
1263,2/11/20,,Nepal,1/31/20,1,0,0,NPL
1264,2/11/20,,Sri Lanka,2/8/20,1,0,1,LKA
1265,2/11/20,,Sweden,2/1/20,1,0,0,SWE
1266,2/11/20,"Boston, MA",US,2/1/20,1,0,0,USA
1267,2/11/20,"Los Angeles, CA",US,2/1/20,1,0,0,USA
1268,2/11/20,"Madison, WI",US,2/5/20,1,0,0,USA
1269,2/11/20,"Orange, CA",US,2/1/20,1,0,0,USA
1270,2/11/20,"San Diego County, CA",US,2/11/20,1,0,0,USA
1271,2/11/20,"Seattle, WA",US,2/9/20,1,0,1,USA
1272,2/11/20,"Tempe, AZ",US,2/1/20,1,0,0,USA
1273,2/12/20,Hubei,Mainland China,2/13/20,48206,1310,3441,CHN
1274,2/12/20,Guangdong,Mainland China,2/13/20,1241,2,284,CHN
1275,2/12/20,Henan,Mainland China,2/13/20,1169,10,258,CHN
1276,2/12/20,Zhejiang,Mainland China,2/13/20,1145,0,327,CHN
1277,2/12/20,Hunan,Mainland China,2/13/20,968,2,312,CHN
1278,2/12/20,Anhui,Mainland China,2/13/20,910,5,128,CHN
1279,2/12/20,Jiangxi,Mainland China,2/13/20,872,1,170,CHN
1280,2/12/20,Jiangsu,Mainland China,2/13/20,570,0,131,CHN
1281,2/12/20,Chongqing,Mainland China,2/12/20,518,3,102,CHN
1282,2/12/20,Shandong,Mainland China,2/13/20,506,2,98,CHN
1283,2/12/20,Sichuan,Mainland China,2/13/20,451,1,93,CHN
1284,2/12/20,Heilongjiang,Mainland China,2/13/20,395,9,31,CHN
1285,2/12/20,Beijing,Mainland China,2/13/20,366,3,68,CHN
1286,2/12/20,Shanghai,Mainland China,2/13/20,313,1,57,CHN
1287,2/12/20,Fujian,Mainland China,2/13/20,279,0,54,CHN
1288,2/12/20,Hebei,Mainland China,2/13/20,265,3,55,CHN
1289,2/12/20,Shaanxi,Mainland China,2/13/20,229,0,42,CHN
1290,2/12/20,Guangxi,Mainland China,2/13/20,222,2,33,CHN
1291,2/12/20,Diamond Princess cruise ship,Others,2/12/20,175,0,0,
1292,2/12/20,Hainan,Mainland China,2/12/20,157,4,27,CHN
1293,2/12/20,Yunnan,Mainland China,2/13/20,155,0,23,CHN
1294,2/12/20,Guizhou,Mainland China,2/13/20,135,1,20,CHN
1295,2/12/20,Shanxi,Mainland China,2/12/20,126,0,33,CHN
1296,2/12/20,Liaoning,Mainland China,2/13/20,116,1,21,CHN
1297,2/12/20,Tianjin,Mainland China,2/13/20,113,2,11,CHN
1298,2/12/20,Gansu,Mainland China,2/12/20,87,2,31,CHN
1299,2/12/20,Jilin,Mainland China,2/13/20,84,1,22,CHN
1300,2/12/20,Ningxia,Mainland China,2/13/20,64,0,24,CHN
1301,2/12/20,Xinjiang,Mainland China,2/13/20,63,1,3,CHN
1302,2/12/20,Inner Mongolia,Mainland China,2/13/20,61,0,6,CHN
1303,2/12/20,Hong Kong,Hong Kong,2/12/20,50,1,1,HKG
1304,2/12/20,,Singapore,2/12/20,50,0,15,SGP
1305,2/12/20,,Thailand,2/11/20,33,0,10,THA
1306,2/12/20,,Japan,2/12/20,28,0,9,JPN
1307,2/12/20,,South Korea,2/12/20,28,0,7,KOR
1308,2/12/20,Qinghai,Mainland China,2/12/20,18,0,9,CHN
1309,2/12/20,,Malaysia,2/11/20,18,0,3,MYS
1310,2/12/20,Taiwan,Taiwan,2/9/20,18,0,1,TWN
1311,2/12/20,,Germany,2/11/20,16,0,0,DEU
1312,2/12/20,,Vietnam,2/11/20,15,0,6,VNM
1313,2/12/20,,France,2/12/20,11,0,2,FRA
1314,2/12/20,Macau,Macau,2/12/20,10,0,2,MAC
1315,2/12/20,,UK,2/12/20,9,0,1,GBR
1316,2/12/20,,United Arab Emirates,2/12/20,8,0,1,ARE
1317,2/12/20,Queensland,Australia,2/9/20,5,0,0,AUS
1318,2/12/20,New South Wales,Australia,2/6/20,4,0,2,AUS
1319,2/12/20,Victoria,Australia,2/1/20,4,0,0,AUS
1320,2/12/20,British Columbia,Canada,2/7/20,4,0,0,CAN
1321,2/12/20,,India,2/3/20,3,0,0,IND
1322,2/12/20,,Italy,2/7/20,3,0,0,ITA
1323,2/12/20,,Philippines,2/12/20,3,1,1,PHL
1324,2/12/20,South Australia,Australia,2/2/20,2,0,0,AUS
1325,2/12/20,"Toronto, ON",Canada,2/4/20,2,0,0,CAN
1326,2/12/20,,Russia,2/12/20,2,0,2,RUS
1327,2/12/20,,Spain,2/9/20,2,0,0,ESP
1328,2/12/20,"Chicago, IL",US,2/9/20,2,0,2,USA
1329,2/12/20,"San Benito, CA",US,2/3/20,2,0,0,USA
1330,2/12/20,"Santa Clara, CA",US,2/3/20,2,0,0,USA
1331,2/12/20,,Belgium,2/4/20,1,0,0,BEL
1332,2/12/20,,Cambodia,2/12/20,1,0,1,KHM
1333,2/12/20,"London, ON",Canada,2/12/20,1,0,1,CAN
1334,2/12/20,,Finland,2/12/20,1,0,1,FIN
1335,2/12/20,Tibet,Mainland China,2/12/20,1,0,1,CHN
1336,2/12/20,,Nepal,2/12/20,1,0,1,NPL
1337,2/12/20,,Sri Lanka,2/8/20,1,0,1,LKA
1338,2/12/20,,Sweden,2/1/20,1,0,0,SWE
1339,2/12/20,"Boston, MA",US,2/1/20,1,0,0,USA
1340,2/12/20,"Los Angeles, CA",US,2/1/20,1,0,0,USA
1341,2/12/20,"Madison, WI",US,2/5/20,1,0,0,USA
1342,2/12/20,"Orange, CA",US,2/1/20,1,0,0,USA
1343,2/12/20,"San Diego County, CA",US,2/11/20,1,0,0,USA
1344,2/12/20,"Seattle, WA",US,2/9/20,1,0,1,USA
1345,2/12/20,"Tempe, AZ",US,2/1/20,1,0,0,USA
1346,2/13/20,Hubei,Mainland China,2/14/20,51986,1426,4131,CHN
1347,2/13/20,Guangdong,Mainland China,2/14/20,1261,2,332,CHN
1348,2/13/20,Henan,Mainland China,2/14/20,1184,11,313,CHN
1349,2/13/20,Zhejiang,Mainland China,2/14/20,1155,0,367,CHN
1350,2/13/20,Hunan,Mainland China,2/14/20,988,2,352,CHN
1351,2/13/20,Anhui,Mainland China,2/14/20,934,6,166,CHN
1352,2/13/20,Jiangxi,Mainland China,2/14/20,900,1,187,CHN
1353,2/13/20,Jiangsu,Mainland China,2/14/20,593,0,137,CHN
1354,2/13/20,Chongqing,Mainland China,2/13/20,529,4,128,CHN
1355,2/13/20,Shandong,Mainland China,2/14/20,519,2,111,CHN
1356,2/13/20,Sichuan,Mainland China,2/14/20,463,1,105,CHN
1357,2/13/20,Heilongjiang,Mainland China,2/14/20,418,11,37,CHN
1358,2/13/20,Beijing,Mainland China,2/13/20,366,3,69,CHN
1359,2/13/20,Shanghai,Mainland China,2/14/20,318,1,62,CHN
1360,2/13/20,Hebei,Mainland China,2/14/20,283,3,69,CHN
1361,2/13/20,Fujian,Mainland China,2/14/20,281,0,59,CHN
1362,2/13/20,Shaanxi,Mainland China,2/13/20,229,0,46,CHN
1363,2/13/20,Guangxi,Mainland China,2/14/20,226,2,35,CHN
1364,2/13/20,Diamond Princess cruise ship,Others,2/14/20,218,0,0,
1365,2/13/20,Hainan,Mainland China,2/14/20,158,4,30,CHN
1366,2/13/20,Yunnan,Mainland China,2/13/20,156,0,27,CHN
1367,2/13/20,Guizhou,Mainland China,2/14/20,140,1,28,CHN
1368,2/13/20,Shanxi,Mainland China,2/13/20,126,0,36,CHN
1369,2/13/20,Tianjin,Mainland China,2/13/20,119,3,21,CHN
1370,2/13/20,Liaoning,Mainland China,2/13/20,117,1,22,CHN
1371,2/13/20,Gansu,Mainland China,2/13/20,90,2,39,CHN
1372,2/13/20,Jilin,Mainland China,2/14/20,86,1,25,CHN
1373,2/13/20,Ningxia,Mainland China,2/14/20,67,0,24,CHN
1374,2/13/20,Inner Mongolia,Mainland China,2/14/20,65,0,6,CHN
1375,2/13/20,Xinjiang,Mainland China,2/14/20,65,1,6,CHN
1376,2/13/20,,Singapore,2/13/20,58,0,15,SGP
1377,2/13/20,Hong Kong,Hong Kong,2/13/20,53,1,1,HKG
1378,2/13/20,,Thailand,2/13/20,33,0,12,THA
1379,2/13/20,,Japan,2/13/20,28,1,9,JPN
1380,2/13/20,,South Korea,2/12/20,28,0,7,KOR
1381,2/13/20,,Malaysia,2/13/20,19,0,3,MYS
1382,2/13/20,Qinghai,Mainland China,2/13/20,18,0,11,CHN
1383,2/13/20,Taiwan,Taiwan,2/9/20,18,0,1,TWN
1384,2/13/20,,Germany,2/13/20,16,0,1,DEU
1385,2/13/20,,Vietnam,2/13/20,16,0,7,VNM
1386,2/13/20,,France,2/12/20,11,0,2,FRA
1387,2/13/20,Macau,Macau,2/13/20,10,0,3,MAC
1388,2/13/20,,UK,2/12/20,9,0,1,GBR
1389,2/13/20,,United Arab Emirates,2/12/20,8,0,1,ARE
1390,2/13/20,Queensland,Australia,2/9/20,5,0,0,AUS
1391,2/13/20,New South Wales,Australia,2/13/20,4,0,4,AUS
1392,2/13/20,Victoria,Australia,2/13/20,4,0,4,AUS
1393,2/13/20,British Columbia,Canada,2/7/20,4,0,0,CAN
1394,2/13/20,,India,2/13/20,3,0,0,IND
1395,2/13/20,,Italy,2/7/20,3,0,0,ITA
1396,2/13/20,,Philippines,2/12/20,3,1,1,PHL
1397,2/13/20,South Australia,Australia,2/2/20,2,0,0,AUS
1398,2/13/20,"Toronto, ON",Canada,2/4/20,2,0,0,CAN
1399,2/13/20,,Russia,2/12/20,2,0,2,RUS
1400,2/13/20,,Spain,2/9/20,2,0,0,ESP
1401,2/13/20,"Chicago, IL",US,2/9/20,2,0,2,USA
1402,2/13/20,"San Benito, CA",US,2/3/20,2,0,0,USA
1403,2/13/20,"San Diego County, CA",US,2/13/20,2,0,0,USA
1404,2/13/20,"Santa Clara, CA",US,2/3/20,2,0,0,USA
1405,2/13/20,,Belgium,2/4/20,1,0,0,BEL
1406,2/13/20,,Cambodia,2/12/20,1,0,1,KHM
1407,2/13/20,"London, ON",Canada,2/12/20,1,0,1,CAN
1408,2/13/20,,Finland,2/12/20,1,0,1,FIN
1409,2/13/20,Tibet,Mainland China,2/12/20,1,0,1,CHN
1410,2/13/20,,Nepal,2/12/20,1,0,1,NPL
1411,2/13/20,,Sri Lanka,2/8/20,1,0,1,LKA
1412,2/13/20,,Sweden,2/1/20,1,0,0,SWE
1413,2/13/20,"Boston, MA",US,2/1/20,1,0,0,USA
1414,2/13/20,"Los Angeles, CA",US,2/1/20,1,0,0,USA
1415,2/13/20,"Madison, WI",US,2/5/20,1,0,0,USA
1416,2/13/20,"Orange, CA",US,2/1/20,1,0,0,USA
1417,2/13/20,"San Antonio, TX",US,2/13/20,1,0,0,USA
1418,2/13/20,"Seattle, WA",US,2/9/20,1,0,1,USA
1419,2/13/20,"Tempe, AZ",US,2/1/20,1,0,0,USA
1420,2/14/20,Hubei,Mainland China,2020-02-14T23:33:02,54406,1457,4774,CHN
1421,2/14/20,Guangdong,Mainland China,2020-02-14T12:53:02,1261,2,362,CHN
1422,2/14/20,Henan,Mainland China,2020-02-14T12:53:02,1184,11,357,CHN
1423,2/14/20,Zhejiang,Mainland China,2020-02-14T14:13:15,1155,0,403,CHN
1424,2/14/20,Hunan,Mainland China,2020-02-14T09:23:04,988,2,364,CHN
1425,2/14/20,Anhui,Mainland China,2020-02-14T12:53:02,934,6,193,CHN
1426,2/14/20,Jiangxi,Mainland China,2020-02-14T01:13:06,900,1,187,CHN
1427,2/14/20,Jiangsu,Mainland China,2020-02-14T10:03:03,593,0,157,CHN
1428,2/14/20,Chongqing,Mainland China,2020-02-14T23:33:02,537,5,152,CHN
1429,2/14/20,Shandong,Mainland China,2020-02-14T11:13:22,523,2,136,CHN
1430,2/14/20,Sichuan,Mainland China,2020-02-14T11:13:22,463,1,114,CHN
1431,2/14/20,Heilongjiang,Mainland China,2020-02-14T13:23:07,419,11,47,CHN
1432,2/14/20,Beijing,Mainland China,2020-02-14T06:33:02,372,3,80,CHN
1433,2/14/20,Shanghai,Mainland China,2020-02-14T04:13:11,318,1,90,CHN
1434,2/14/20,Hebei,Mainland China,2020-02-14T11:13:22,283,3,87,CHN
1435,2/14/20,Fujian,Mainland China,2020-02-14T11:13:22,281,0,63,CHN
1436,2/14/20,Shaanxi,Mainland China,2020-02-14T12:53:02,230,0,54,CHN
1437,2/14/20,Guangxi,Mainland China,2020-02-14T15:23:02,226,2,36,CHN
1438,2/14/20,Diamond Princess cruise ship,Others,2020-02-14T00:13:23,218,0,0,
1439,2/14/20,Yunnan,Mainland China,2020-02-14T12:53:02,162,0,36,CHN
1440,2/14/20,Hainan,Mainland China,2020-02-14T15:23:02,159,4,43,CHN
1441,2/14/20,Guizhou,Mainland China,2020-02-14T01:53:02,140,1,28,CHN
1442,2/14/20,Shanxi,Mainland China,2020-02-14T23:23:04,127,0,38,CHN
1443,2/14/20,Tianjin,Mainland China,2020-02-14T11:13:22,120,3,31,CHN
1444,2/14/20,Liaoning,Mainland China,2020-02-14T15:23:02,119,1,29,CHN
1445,2/14/20,Gansu,Mainland China,2020-02-13T15:53:03,90,2,39,CHN
1446,2/14/20,Jilin,Mainland China,2020-02-14T00:43:02,86,1,25,CHN
1447,2/14/20,Ningxia,Mainland China,2020-02-14T01:43:02,67,0,24,CHN
1448,2/14/20,,Singapore,2020-02-14T12:43:02,67,0,17,SGP
1449,2/14/20,Inner Mongolia,Mainland China,2020-02-14T02:03:08,65,0,6,CHN
1450,2/14/20,Xinjiang,Mainland China,2020-02-14T01:13:06,65,1,6,CHN
1451,2/14/20,Hong Kong,Hong Kong,2020-02-14T09:03:12,56,1,1,HKG
1452,2/14/20,,Thailand,2020-02-13T17:53:03,33,0,12,THA
1453,2/14/20,,Japan,2020-02-14T03:53:02,29,1,9,JPN
1454,2/14/20,,South Korea,2020-02-12T14:43:03,28,0,7,KOR
1455,2/14/20,,Malaysia,2020-02-13T10:53:02,19,0,3,MYS
1456,2/14/20,Qinghai,Mainland China,2020-02-13T08:43:08,18,0,11,CHN
1457,2/14/20,Taiwan,Taiwan,2020-02-14T02:13:06,18,0,2,TWN
1458,2/14/20,,Germany,2020-02-13T15:13:11,16,0,1,DEU
1459,2/14/20,,Vietnam,2020-02-13T06:33:02,16,0,7,VNM
1460,2/14/20,,France,2020-02-12T18:53:02,11,0,2,FRA
1461,2/14/20,Macau,Macau,2020-02-13T14:13:06,10,0,3,MAC
1462,2/14/20,,UK,2020-02-12T19:03:06,9,0,1,GBR
1463,2/14/20,,United Arab Emirates,2020-02-12T00:33:02,8,0,1,ARE
1464,2/14/20,Queensland,Australia,2020-02-09T19:33:02,5,0,0,AUS
1465,2/14/20,New South Wales,Australia,2020-02-13T17:53:03,4,0,4,AUS
1466,2/14/20,Victoria,Australia,2020-02-13T17:53:03,4,0,4,AUS
1467,2/14/20,British Columbia,Canada,2020-02-07T05:43:03,4,0,0,CAN
1468,2/14/20,,India,2020-02-13T18:53:02,3,0,0,IND
1469,2/14/20,,Italy,2020-02-07T17:53:02,3,0,0,ITA
1470,2/14/20,,Philippines,2020-02-12T07:43:02,3,1,1,PHL
1471,2/14/20,South Australia,Australia,2020-02-02T22:33:07,2,0,0,AUS
1472,2/14/20,"Toronto, ON",Canada,2020-02-04T00:13:06,2,0,0,CAN
1473,2/14/20,,Russia,2020-02-12T14:43:03,2,0,2,RUS
1474,2/14/20,,Spain,2020-02-09T20:33:03,2,0,0,ESP
1475,2/14/20,"Chicago, IL",US,2020-02-09T19:03:03,2,0,2,USA
1476,2/14/20,"San Benito, CA",US,2020-02-03T03:53:02,2,0,0,USA
1477,2/14/20,"San Diego County, CA",US,2020-02-13T03:13:08,2,0,0,USA
1478,2/14/20,"Santa Clara, CA",US,2020-02-03T00:43:02,2,0,0,USA
1479,2/14/20,,Belgium,2020-02-04T15:43:02,1,0,0,BEL
1480,2/14/20,,Cambodia,2020-02-12T07:43:02,1,0,1,KHM
1481,2/14/20,"London, ON",Canada,2020-02-12T18:53:03,1,0,1,CAN
1482,2/14/20,,Egypt,2020-02-14T23:53:02,1,0,0,EGY
1483,2/14/20,,Finland,2020-02-12T00:03:12,1,0,1,FIN
1484,2/14/20,Tibet,Mainland China,2020-02-12T06:43:02,1,0,1,CHN
1485,2/14/20,,Nepal,2020-02-12T14:43:03,1,0,1,NPL
1486,2/14/20,,Sri Lanka,2020-02-08T03:43:03,1,0,1,LKA
1487,2/14/20,,Sweden,2020-02-01T02:13:26,1,0,0,SWE
1488,2/14/20,"Boston, MA",US,2020-02-01T19:43:03,1,0,0,USA
1489,2/14/20,"Los Angeles, CA",US,2020-02-01T19:53:03,1,0,0,USA
1490,2/14/20,"Madison, WI",US,2020-02-05T21:53:02,1,0,0,USA
1491,2/14/20,"Orange, CA",US,2020-02-01T19:53:03,1,0,0,USA
1492,2/14/20,"San Antonio, TX",US,2020-02-13T18:53:02,1,0,0,USA
1493,2/14/20,"Seattle, WA",US,2020-02-09T07:03:04,1,0,1,USA
1494,2/14/20,"Tempe, AZ",US,2020-02-01T19:43:03,1,0,0,USA
1495,2/15/20,Hubei,Mainland China,2020-02-15T23:13:05,56249,1596,5623,CHN
1496,2/15/20,Guangdong,Mainland China,2020-02-15T14:03:04,1294,2,410,CHN
1497,2/15/20,Henan,Mainland China,2020-02-15T12:13:08,1212,13,391,CHN
1498,2/15/20,Zhejiang,Mainland China,2020-02-15T11:23:17,1162,0,428,CHN
1499,2/15/20,Hunan,Mainland China,2020-02-15T13:03:04,1001,2,425,CHN
1500,2/15/20,Anhui,Mainland China,2020-02-15T12:13:08,950,6,221,CHN
1501,2/15/20,Jiangxi,Mainland China,2020-02-15T01:33:02,913,1,210,CHN
1502,2/15/20,Jiangsu,Mainland China,2020-02-15T12:13:08,604,0,186,CHN
1503,2/15/20,Chongqing,Mainland China,2020-02-15T23:23:07,544,5,184,CHN
1504,2/15/20,Shandong,Mainland China,2020-02-15T11:23:17,532,2,156,CHN
1505,2/15/20,Sichuan,Mainland China,2020-02-15T08:43:03,470,1,119,CHN
1506,2/15/20,Heilongjiang,Mainland China,2020-02-15T11:43:01,425,11,68,CHN
1507,2/15/20,Beijing,Mainland China,2020-02-15T09:53:01,375,4,98,CHN
1508,2/15/20,Shanghai,Mainland China,2020-02-15T03:13:06,326,1,124,CHN
1509,2/15/20,Hebei,Mainland China,2020-02-15T13:03:04,291,3,101,CHN
1510,2/15/20,Fujian,Mainland China,2020-02-15T13:03:04,285,0,71,CHN
1511,2/15/20,Diamond Princess cruise ship,Others,2020-02-15T17:03:04,285,0,0,
1512,2/15/20,Guangxi,Mainland China,2020-02-15T06:33:01,235,2,44,CHN
1513,2/15/20,Shaanxi,Mainland China,2020-02-15T12:13:08,232,0,60,CHN
1514,2/15/20,Yunnan,Mainland China,2020-02-15T06:33:01,168,0,42,CHN
1515,2/15/20,Hainan,Mainland China,2020-02-15T11:23:17,162,4,39,CHN
1516,2/15/20,Guizhou,Mainland China,2020-02-15T14:53:04,143,1,41,CHN
1517,2/15/20,Shanxi,Mainland China,2020-02-15T23:13:05,128,0,46,CHN
1518,2/15/20,Tianjin,Mainland China,2020-02-15T13:43:01,122,3,37,CHN
1519,2/15/20,Liaoning,Mainland China,2020-02-15T09:53:01,119,1,31,CHN
1520,2/15/20,Gansu,Mainland China,2020-02-15T12:13:08,90,2,49,CHN
1521,2/15/20,Jilin,Mainland China,2020-02-15T12:13:08,88,1,26,CHN
1522,2/15/20,,Singapore,2020-02-15T23:53:02,72,0,18,SGP
1523,2/15/20,Ningxia,Mainland China,2020-02-15T08:43:03,70,0,33,CHN
1524,2/15/20,Xinjiang,Mainland China,2020-02-15T09:53:01,70,1,10,CHN
1525,2/15/20,Inner Mongolia,Mainland China,2020-02-15T14:03:04,68,0,7,CHN
1526,2/15/20,Hong Kong,Hong Kong,2020-02-14T09:03:12,56,1,1,HKG
1527,2/15/20,,Japan,2020-02-15T17:43:06,43,1,12,JPN
1528,2/15/20,,Thailand,2020-02-13T17:53:03,33,0,12,THA
1529,2/15/20,,South Korea,2020-02-15T23:33:02,28,0,9,KOR
1530,2/15/20,,Malaysia,2020-02-15T23:43:02,22,0,7,MYS
1531,2/15/20,Qinghai,Mainland China,2020-02-15T08:43:03,18,0,13,CHN
1532,2/15/20,Taiwan,Taiwan,2020-02-15T03:43:02,18,0,2,TWN
1533,2/15/20,,Germany,2020-02-13T15:13:11,16,0,1,DEU
1534,2/15/20,,Vietnam,2020-02-13T06:33:02,16,0,7,VNM
1535,2/15/20,,France,2020-02-15T20:53:02,12,1,4,FRA
1536,2/15/20,Macau,Macau,2020-02-13T14:13:06,10,0,3,MAC
1537,2/15/20,,UK,2020-02-12T19:03:06,9,0,1,GBR
1538,2/15/20,,United Arab Emirates,2020-02-15T06:03:03,8,0,3,ARE
1539,2/15/20,Queensland,Australia,2020-02-09T19:33:02,5,0,0,AUS
1540,2/15/20,New South Wales,Australia,2020-02-13T17:53:03,4,0,4,AUS
1541,2/15/20,Victoria,Australia,2020-02-13T17:53:03,4,0,4,AUS
1542,2/15/20,British Columbia,Canada,2020-02-07T05:43:03,4,0,0,CAN
1543,2/15/20,,India,2020-02-13T18:53:02,3,0,0,IND
1544,2/15/20,,Italy,2020-02-07T17:53:02,3,0,0,ITA
1545,2/15/20,,Philippines,2020-02-12T07:43:02,3,1,1,PHL
1546,2/15/20,South Australia,Australia,2020-02-02T22:33:07,2,0,0,AUS
1547,2/15/20,"Toronto, ON",Canada,2020-02-04T00:13:06,2,0,0,CAN
1548,2/15/20,,Russia,2020-02-12T14:43:03,2,0,2,RUS
1549,2/15/20,,Spain,2020-02-15T17:23:04,2,0,2,ESP
1550,2/15/20,"Chicago, IL",US,2020-02-09T19:03:03,2,0,2,USA
1551,2/15/20,"San Benito, CA",US,2020-02-03T03:53:02,2,0,0,USA
1552,2/15/20,"San Diego County, CA",US,2020-02-13T03:13:08,2,0,0,USA
1553,2/15/20,"Santa Clara, CA",US,2020-02-03T00:43:02,2,0,0,USA
1554,2/15/20,,Belgium,2020-02-04T15:43:02,1,0,0,BEL
1555,2/15/20,,Cambodia,2020-02-12T07:43:02,1,0,1,KHM
1556,2/15/20,"London, ON",Canada,2020-02-12T18:53:03,1,0,1,CAN
1557,2/15/20,,Egypt,2020-02-14T23:53:02,1,0,0,EGY
1558,2/15/20,,Finland,2020-02-12T00:03:12,1,0,1,FIN
1559,2/15/20,Tibet,Mainland China,2020-02-12T06:43:02,1,0,1,CHN
1560,2/15/20,,Nepal,2020-02-12T14:43:03,1,0,1,NPL
1561,2/15/20,,Sri Lanka,2020-02-08T03:43:03,1,0,1,LKA
1562,2/15/20,,Sweden,2020-02-01T02:13:26,1,0,0,SWE
1563,2/15/20,"Boston, MA",US,2020-02-01T19:43:03,1,0,0,USA
1564,2/15/20,"Los Angeles, CA",US,2020-02-01T19:53:03,1,0,0,USA
1565,2/15/20,"Madison, WI",US,2020-02-05T21:53:02,1,0,0,USA
1566,2/15/20,"Orange, CA",US,2020-02-01T19:53:03,1,0,0,USA
1567,2/15/20,"San Antonio, TX",US,2020-02-13T18:53:02,1,0,0,USA
1568,2/15/20,"Seattle, WA",US,2020-02-09T07:03:04,1,0,1,USA
1569,2/15/20,"Tempe, AZ",US,2020-02-01T19:43:03,1,0,0,USA
1570,2/16/20,Hubei,Mainland China,2020-02-16T23:53:01,58182,1696,6639,CHN
1571,2/16/20,Guangdong,Mainland China,2020-02-16T12:03:06,1316,2,465,CHN
1572,2/16/20,Henan,Mainland China,2020-02-16T13:53:03,1231,13,440,CHN
1573,2/16/20,Zhejiang,Mainland China,2020-02-16T09:33:02,1167,0,456,CHN
1574,2/16/20,Hunan,Mainland China,2020-02-16T13:13:04,1004,3,464,CHN
1575,2/16/20,Anhui,Mainland China,2020-02-16T08:33:02,962,6,255,CHN
1576,2/16/20,Jiangxi,Mainland China,2020-02-16T10:03:06,925,1,240,CHN
1577,2/16/20,Jiangsu,Mainland China,2020-02-16T09:33:02,617,0,218,CHN
1578,2/16/20,Chongqing,Mainland China,2020-02-16T23:53:01,551,5,207,CHN
1579,2/16/20,Shandong,Mainland China,2020-02-16T12:03:06,537,2,173,CHN
1580,2/16/20,Sichuan,Mainland China,2020-02-16T10:03:06,481,3,131,CHN
1581,2/16/20,Heilongjiang,Mainland China,2020-02-16T13:53:03,445,11,79,CHN
1582,2/16/20,Beijing,Mainland China,2020-02-16T10:03:06,380,4,108,CHN
1583,2/16/20,Diamond Princess cruise ship,Others,2020-02-16T03:43:02,355,0,0,
1584,2/16/20,Shanghai,Mainland China,2020-02-16T02:53:02,328,1,140,CHN
1585,2/16/20,Hebei,Mainland China,2020-02-16T12:03:06,300,3,105,CHN
1586,2/16/20,Fujian,Mainland China,2020-02-16T12:03:06,287,0,82,CHN
1587,2/16/20,Guangxi,Mainland China,2020-02-16T12:03:06,237,2,49,CHN
1588,2/16/20,Shaanxi,Mainland China,2020-02-16T13:53:03,236,0,71,CHN
1589,2/16/20,Yunnan,Mainland China,2020-02-16T09:53:01,171,0,42,CHN
1590,2/16/20,Hainan,Mainland China,2020-02-16T12:03:06,162,4,52,CHN
1591,2/16/20,Guizhou,Mainland China,2020-02-16T09:13:09,144,1,46,CHN
1592,2/16/20,Shanxi,Mainland China,2020-02-16T23:53:01,129,0,50,CHN
1593,2/16/20,Tianjin,Mainland China,2020-02-16T12:23:02,124,3,45,CHN
1594,2/16/20,Liaoning,Mainland China,2020-02-16T12:03:06,121,1,40,CHN
1595,2/16/20,Gansu,Mainland China,2020-02-16T13:53:03,90,2,54,CHN
1596,2/16/20,Jilin,Mainland China,2020-02-16T10:03:06,89,1,30,CHN
1597,2/16/20,,Singapore,2020-02-16T16:23:06,75,0,18,SGP
1598,2/16/20,Xinjiang,Mainland China,2020-02-16T08:33:02,71,1,12,CHN
1599,2/16/20,Inner Mongolia,Mainland China,2020-02-16T08:33:02,70,0,8,CHN
1600,2/16/20,Ningxia,Mainland China,2020-02-15T08:43:03,70,0,33,CHN
1601,2/16/20,,Japan,2020-02-16T17:43:03,59,1,12,JPN
1602,2/16/20,Hong Kong,Hong Kong,2020-02-16T09:53:01,57,1,2,HKG
1603,2/16/20,,Thailand,2020-02-16T18:03:02,34,0,14,THA
1604,2/16/20,,South Korea,2020-02-16T01:33:02,29,0,9,KOR
1605,2/16/20,,Malaysia,2020-02-15T23:43:02,22,0,7,MYS
1606,2/16/20,Taiwan,Taiwan,2020-02-16T11:23:06,20,1,2,TWN
1607,2/16/20,Qinghai,Mainland China,2020-02-15T08:43:03,18,0,13,CHN
1608,2/16/20,,Germany,2020-02-13T15:13:11,16,0,1,DEU
1609,2/16/20,,Vietnam,2020-02-13T06:33:02,16,0,7,VNM
1610,2/16/20,,France,2020-02-15T20:53:02,12,1,4,FRA
1611,2/16/20,Macau,Macau,2020-02-16T12:03:06,10,0,5,MAC
1612,2/16/20,,UK,2020-02-16T16:23:06,9,0,8,GBR
1613,2/16/20,,United Arab Emirates,2020-02-16T20:43:02,9,0,4,ARE
1614,2/16/20,Queensland,Australia,2020-02-09T19:33:02,5,0,0,AUS
1615,2/16/20,New South Wales,Australia,2020-02-13T17:53:03,4,0,4,AUS
1616,2/16/20,Victoria,Australia,2020-02-13T17:53:03,4,0,4,AUS
1617,2/16/20,British Columbia,Canada,2020-02-07T05:43:03,4,0,0,CAN
1618,2/16/20,,India,2020-02-16T07:43:02,3,0,3,IND
1619,2/16/20,,Italy,2020-02-07T17:53:02,3,0,0,ITA
1620,2/16/20,,Philippines,2020-02-12T07:43:02,3,1,1,PHL
1621,2/16/20,South Australia,Australia,2020-02-02T22:33:07,2,0,0,AUS
1622,2/16/20,"Toronto, ON",Canada,2020-02-04T00:13:06,2,0,0,CAN
1623,2/16/20,,Russia,2020-02-12T14:43:03,2,0,2,RUS
1624,2/16/20,,Spain,2020-02-15T17:23:04,2,0,2,ESP
1625,2/16/20,"Chicago, IL",US,2020-02-09T19:03:03,2,0,2,USA
1626,2/16/20,"San Benito, CA",US,2020-02-03T03:53:02,2,0,0,USA
1627,2/16/20,"San Diego County, CA",US,2020-02-13T03:13:08,2,0,0,USA
1628,2/16/20,"Santa Clara, CA",US,2020-02-03T00:43:02,2,0,0,USA
1629,2/16/20,,Belgium,2020-02-04T15:43:02,1,0,0,BEL
1630,2/16/20,,Cambodia,2020-02-12T07:43:02,1,0,1,KHM
1631,2/16/20,"London, ON",Canada,2020-02-12T18:53:03,1,0,1,CAN
1632,2/16/20,,Egypt,2020-02-14T23:53:02,1,0,0,EGY
1633,2/16/20,,Finland,2020-02-12T00:03:12,1,0,1,FIN
1634,2/16/20,Tibet,Mainland China,2020-02-12T06:43:02,1,0,1,CHN
1635,2/16/20,,Nepal,2020-02-12T14:43:03,1,0,1,NPL
1636,2/16/20,,Sri Lanka,2020-02-08T03:43:03,1,0,1,LKA
1637,2/16/20,,Sweden,2020-02-01T02:13:26,1,0,0,SWE
1638,2/16/20,"Boston, MA",US,2020-02-01T19:43:03,1,0,0,USA
1639,2/16/20,"Los Angeles, CA",US,2020-02-01T19:53:03,1,0,0,USA
1640,2/16/20,"Madison, WI",US,2020-02-05T21:53:02,1,0,0,USA
1641,2/16/20,"Orange, CA",US,2020-02-01T19:53:03,1,0,0,USA
1642,2/16/20,"San Antonio, TX",US,2020-02-13T18:53:02,1,0,0,USA
1643,2/16/20,"Seattle, WA",US,2020-02-09T07:03:04,1,0,1,USA
1644,2/16/20,"Tempe, AZ",US,2020-02-01T19:43:03,1,0,0,USA
1645,2/17/20,Hubei,Mainland China,2020-02-17T23:13:06,59989,1789,7862,CHN
1646,2/17/20,Guangdong,Mainland China,2020-02-17T12:43:02,1322,4,524,CHN
1647,2/17/20,Henan,Mainland China,2020-02-17T14:53:02,1246,16,509,CHN
1648,2/17/20,Zhejiang,Mainland China,2020-02-17T11:23:06,1171,0,507,CHN
1649,2/17/20,Hunan,Mainland China,2020-02-17T11:43:01,1006,3,498,CHN
1650,2/17/20,Anhui,Mainland China,2020-02-17T09:13:07,973,6,280,CHN
1651,2/17/20,Jiangxi,Mainland China,2020-02-17T01:33:02,930,1,275,CHN
1652,2/17/20,Jiangsu,Mainland China,2020-02-17T10:23:04,626,0,258,CHN
1653,2/17/20,Chongqing,Mainland China,2020-02-17T23:13:06,553,5,225,CHN
1654,2/17/20,Shandong,Mainland China,2020-02-17T11:03:06,541,2,191,CHN
1655,2/17/20,Sichuan,Mainland China,2020-02-17T13:13:09,495,3,156,CHN
1656,2/17/20,Heilongjiang,Mainland China,2020-02-17T08:03:06,457,11,85,CHN
1657,2/17/20,Diamond Princess cruise ship,Others,2020-02-17T14:33:04,454,0,0,
1658,2/17/20,Beijing,Mainland China,2020-02-17T01:23:02,381,4,114,CHN
1659,2/17/20,Shanghai,Mainland China,2020-02-17T23:53:02,333,1,161,CHN
1660,2/17/20,Hebei,Mainland China,2020-02-17T13:03:06,301,3,122,CHN
1661,2/17/20,Fujian,Mainland China,2020-02-17T10:23:04,290,0,90,CHN
1662,2/17/20,Shaanxi,Mainland China,2020-02-17T11:43:01,240,0,79,CHN
1663,2/17/20,Guangxi,Mainland China,2020-02-17T10:23:04,238,2,53,CHN
1664,2/17/20,Yunnan,Mainland China,2020-02-17T10:23:04,171,0,47,CHN
1665,2/17/20,Hainan,Mainland China,2020-02-17T11:03:06,163,4,59,CHN
1666,2/17/20,Guizhou,Mainland China,2020-02-17T11:13:16,146,1,57,CHN
1667,2/17/20,Shanxi,Mainland China,2020-02-17T22:53:01,130,0,53,CHN
1668,2/17/20,Tianjin,Mainland China,2020-02-17T12:43:02,125,3,46,CHN
1669,2/17/20,Liaoning,Mainland China,2020-02-17T11:13:16,121,1,43,CHN
1670,2/17/20,Gansu,Mainland China,2020-02-17T14:53:02,91,2,58,CHN
1671,2/17/20,Jilin,Mainland China,2020-02-17T11:03:06,89,1,34,CHN
1672,2/17/20,,Singapore,2020-02-17T14:33:04,77,0,24,SGP
1673,2/17/20,Xinjiang,Mainland China,2020-02-17T01:53:01,75,1,12,CHN
1674,2/17/20,Inner Mongolia,Mainland China,2020-02-17T02:03:06,72,0,8,CHN
1675,2/17/20,Ningxia,Mainland China,2020-02-17T11:03:06,70,0,35,CHN
1676,2/17/20,,Japan,2020-02-17T14:33:04,66,1,12,JPN
1677,2/17/20,Hong Kong,Hong Kong,2020-02-17T22:53:01,60,1,2,HKG
1678,2/17/20,,Thailand,2020-02-17T07:33:02,35,0,15,THA
1679,2/17/20,,South Korea,2020-02-17T23:43:01,30,0,10,KOR
1680,2/17/20,,Malaysia,2020-02-15T23:43:02,22,0,7,MYS
1681,2/17/20,Taiwan,Taiwan,2020-02-17T15:43:02,22,1,2,TWN
1682,2/17/20,Qinghai,Mainland China,2020-02-15T08:43:03,18,0,13,CHN
1683,2/17/20,,Germany,2020-02-13T15:13:11,16,0,1,DEU
1684,2/17/20,,Vietnam,2020-02-13T06:33:02,16,0,7,VNM
1685,2/17/20,,France,2020-02-15T20:53:02,12,1,4,FRA
1686,2/17/20,Macau,Macau,2020-02-16T12:03:06,10,0,5,MAC
1687,2/17/20,,UK,2020-02-16T16:23:06,9,0,8,GBR
1688,2/17/20,,United Arab Emirates,2020-02-16T20:43:02,9,0,4,ARE
1689,2/17/20,Queensland,Australia,2020-02-09T19:33:02,5,0,0,AUS
1690,2/17/20,British Columbia,Canada,2020-02-17T08:03:07,5,0,0,CAN
1691,2/17/20,New South Wales,Australia,2020-02-13T17:53:03,4,0,4,AUS
1692,2/17/20,Victoria,Australia,2020-02-13T17:53:03,4,0,4,AUS
1693,2/17/20,,India,2020-02-16T07:43:02,3,0,3,IND
1694,2/17/20,,Italy,2020-02-07T17:53:02,3,0,0,ITA
1695,2/17/20,,Philippines,2020-02-12T07:43:02,3,1,1,PHL
1696,2/17/20,South Australia,Australia,2020-02-17T08:13:09,2,0,2,AUS
1697,2/17/20,"Toronto, ON",Canada,2020-02-04T00:13:06,2,0,0,CAN
1698,2/17/20,,Russia,2020-02-12T14:43:03,2,0,2,RUS
1699,2/17/20,,Spain,2020-02-15T17:23:04,2,0,2,ESP
1700,2/17/20,"Chicago, IL",US,2020-02-09T19:03:03,2,0,2,USA
1701,2/17/20,"San Benito, CA",US,2020-02-03T03:53:02,2,0,0,USA
1702,2/17/20,"San Diego County, CA",US,2020-02-13T03:13:08,2,0,0,USA
1703,2/17/20,"Santa Clara, CA",US,2020-02-03T00:43:02,2,0,0,USA
1704,2/17/20,,Belgium,2020-02-17T04:23:06,1,0,1,BEL
1705,2/17/20,,Cambodia,2020-02-12T07:43:02,1,0,1,KHM
1706,2/17/20,"London, ON",Canada,2020-02-12T18:53:03,1,0,1,CAN
1707,2/17/20,,Egypt,2020-02-14T23:53:02,1,0,0,EGY
1708,2/17/20,,Finland,2020-02-12T00:03:12,1,0,1,FIN
1709,2/17/20,Tibet,Mainland China,2020-02-12T06:43:02,1,0,1,CHN
1710,2/17/20,,Nepal,2020-02-12T14:43:03,1,0,1,NPL
1711,2/17/20,,Sri Lanka,2020-02-08T03:43:03,1,0,1,LKA
1712,2/17/20,,Sweden,2020-02-01T02:13:26,1,0,0,SWE
1713,2/17/20,"Boston, MA",US,2020-02-01T19:43:03,1,0,0,USA
1714,2/17/20,"Los Angeles, CA",US,2020-02-01T19:53:03,1,0,0,USA
1715,2/17/20,"Madison, WI",US,2020-02-05T21:53:02,1,0,0,USA
1716,2/17/20,"Orange, CA",US,2020-02-01T19:53:03,1,0,0,USA
1717,2/17/20,"San Antonio, TX",US,2020-02-13T18:53:02,1,0,0,USA
1718,2/17/20,"Seattle, WA",US,2020-02-09T07:03:04,1,0,1,USA
1719,2/17/20,"Tempe, AZ",US,2020-02-01T19:43:03,1,0,0,USA
